119.5889, 269.0187, -483.8882, 0, -266.111, -248.832, 1, 0, 363.0124, 405.9404, 1, 1, 1, 1, 104.9729, -405.1393, 0, 19.93, -145.3215, 0, -825.9679, -766.001, 73.8271, 1, 1, -126.538, 0, -463.3721, 0, 0, 0, 371.0535, 0, 0, 773.8129, -125.2581, 0, -465.6114, -216.5214, 600.6465, -230.476, 1, 596.388, -355.9309, 1, -490.0976, 231.8875, 1, 0, -555.5556, 1, 0, 0, 1302.8826, 0, 0, 134.9579, 0, 135.0563, 1, 1, -810.5869, 256.4869, 0, 1, 464.1493, -322.0117, -850.6979, -807.1214, -219.6247, 1, 1, -389.7203, -555.2903, 1, -854.0998, 1, 509.1082, 0, 0, 0, 0, 1, 35.2303, 0, 1, 76.6904, 1, -489.7439, -272.7396, -209.2618, 1, 608.5494, 0, 1, 0, 449.1441, 0, 408.5693, 1378.2758, 1, 
80.9387, 1325.0788, -648.307, 1, 145.1904, 451.1967, 0, 1, -731.9344, -208.5765, 1, 0, 0, 0, -153.1869, -1093.6347, 1, -421.789, -770.1775, 0, -239.5301, 170.8866, -36.8838, 0, 0, 292.3668, 1, 396.944, 1, 0, 0, -58.5287, 0, 0, 226.9498, -48.6882, 1, 62.0382, -158.6096, 708.372, 248.589, 0, 724.3228, 901.123, 0, -203.7995, 629.9836, 1, 0, -40.404, 0, 0, 1, 34.9203, 1, 1, -118.4946, 1, -82.8728, 0, 1, -1109.4974, 637.5234, 1, 1, 103.057, -1393.2737, 1046.0334, 257.4685, -455.5343, 0, 1, -282.8899, -269.3029, 1, -11.6637, 1, -127.2183, 1, 1, 0, 1, 0, 34.1222, 1, 0, 162.8598, 1, 274.5464, -711.8114, 10.8636, 1, -979.4782, 0, 1, 0, -20.8799, 1, 1246.4251, -1043.3913, 0, 
131.1683, -551.7997, 296.1157, 0, 124.4548, 216.7825, 1, 1, -16.6237, 538.6993, 0, 1, 0, 1, 539.579, -471.9787, 1, 162.7089, -753.7823, 0, 514.0801, -425.9598, -285.9682, 1, 1, 42.8495, 0, 380.0911, 0, 1, 1, -120.5954, 1, 0, -57.403, 1662.7679, 0, 10.2217, 198.3054, 855.7953, -717.2646, 1, -460.726, -246.7261, 0, 283.8516, -245.9772, 0, 1, -444.4444, 1, 1, 0, 481.4648, 1, 0, 41.5555, 0, 628.0839, 1, 1, -203.0517, 339.8739, 0, 0, 203.9333, 582.4586, 684.9963, 322.6805, -623.4222, 0, 0, -321.0262, -781.6973, 1, 324.9214, 1, 713.484, 0, 0, 0, 1, 1, 493.5478, 1, 1, 520.0431, 1, -481.1556, 1345.6771, 840.6566, 1, 414.4469, 0, 0, 0, -1319.1898, 0, -44.5008, 279.1914, 0, 
129.4629, -22.9059, -1085.6489, 0, -888.3221, 845.0333, 0, 0, -372.0745, 330.6739, 0, 1, 0, 0, -531.3912, -624.2575, 1, 349.456, -318.8358, 0, 813.2246, 80.8027, 451.2886, 0, 0, -187.8251, 0, 551.1881, 1, 0, 0, -584.836, 0, 1, -442.8655, 960.4075, 1, 236.9278, 76.1035, 75.4683, 735.2365, 1, -379.2564, 319.0274, 0, -125.4127, -406.1163, 1, 1, -363.6364, 1, 0, 1, -778.1935, 1, 0, 533.2011, 1, 277.3187, 0, 0, -65.1985, 638.3921, 1, 0, 494.3116, -284.924, -456.1985, 287.1246, 195.4085, 1, 1, 418.9205, -76.2133, 0, -47.8879, 0, -235.3966, 0, 0, 1, 0, 1, 127.1288, 0, 1, -716.8468, 0, 1162.035, -753.5724, -637.2908, 1, 176.8197, 0, 0, 1, 52.8925, 0, -619.5227, 62.0928, 1, 
119.4026, 40.5978, -42.1026, 1, 761.5934, -205.7, 1, 0, -136.8484, 186.4068, 1, 1, 0, 1, -70.3982, -387.0977, 0, -181.2282, 224.9023, 1, -267.4861, -334.5655, 708.9887, 0, 1, 110.637, 0, 937.4251, 0, 0, 0, -434.7085, 1, 1, -74.5966, -182.655, 0, 427.6818, 70.5049, -119.7145, 330.5417, 0, 411.5692, 752.2683, 0, -214.2746, -425.9397, 1, 0, -434.3434, 1, 0, 1, -167.3999, 0, 1, 45.6081, 1, 370.5828, 1, 0, -276.6599, 863.1899, 0, 1, 182.906, 385.6343, 433.5415, -615.6742, -1005.3982, 1, 0, -759.8689, -365.2818, 0, 842.1642, 0, 667.7457, 0, 0, 0, 1, 0, -240.5583, 1, 1, 124.1308, 0, 669.3647, 185.7668, 45.6094, 0, 325.8204, 0, 1, 0, 272.5508, 1, -516.7137, -349.8994, 0, 
110.5135, -107.011, 382.9306, 0, -313.0886, 98.8659, 0, 0, 186.017, -282.5555, 0, 1, 0, 0, -56.9274, 170.2889, 0, 220.8938, -95.9778, 1, -95.514, 128.7929, 264.0476, 1, 1, -756.9194, 0, -436.8042, 1, 1, 0, 40.6662, 0, 1, 320.5393, -165.2183, 1, 214.6621, 615.4147, 107.5492, 582.1739, 1, 169.6966, -559.4659, 0, 405.762, 862.1315, 1, 0, -202.0202, 0, 0, 0, 506.9494, 1, 1, -215.0359, 0, 465.2005, 1, 0, -229.8735, -91.3889, 1, 1, -403.2873, 802.5302, -234.9031, -79.2764, 51.6901, 1, 1, 315.0263, 103.6732, 1, -226.3969, 0, 263.6378, 1, 1, 1, 1, 0, -846.763, 1, 0, 76.331, 0, -138.4465, 785.7531, 94.2003, 0, 422.6678, 0, 1, 1, 261.5082, 1, 543.0086, 335.7862, 1, 
122.3599, 456.4461, -838.0033, 0, 815.9273, 234.6119, 0, 0, -209.5262, 653.5082, 0, 1, 0, 0, 56.8477, 813.6316, 0, 200.5383, 1174.2621, 0, -63.4594, 262.169, 122.6641, 0, 0, 68.5943, 0, 546.4473, 0, 0, 0, 100.2209, 0, 0, -612.5478, -959.1035, 0, -77.0603, 20.8665, -228.7267, -198.616, 0, 165.0221, 304.2553, 1, 28.748, -363.5603, 0, 1, -525.2525, 1, 1, 0, -270.6909, 1, 0, 138.4058, 0, 211.7999, 0, 0, -415.6837, -285.8862, 0, 1, 399.9854, -409.2192, -760.4067, -725.9746, 347.1553, 1, 1, 295.9324, -1127.6734, 0, -348.7025, 1, -138.9155, 1, 0, 0, 1, 1, 44.2781, 1, 1, -43.0229, 1, -230.742, -762.0791, -19.9889, 0, 506.5169, 0, 1, 0, -42.3332, 0, 172.5977, -260.3584, 1, 
122.8462, 35.1969, 226.5665, 0, 526.7423, -826.7346, 1, 0, -221.2666, 466.3396, 0, 0, 1, 0, 449.543, 102.2857, 1, -101.9834, -450.8858, 1, 448.6869, 250.6486, -171.941, 1, 1, -239.4831, 1, 169.079, 0, 0, 1, -670.873, 0, 1, 318.5428, -365.5608, 1, 130.3854, 86.2151, 168.4642, -325.6089, 0, -568.8947, -215.5897, 0, -244.666, -275.8889, 1, 1, -484.8485, 0, 1, 0, 24.0869, 1, 1, -967.4677, 1, -278.96, 0, 1, 262.4566, 527.8605, 0, 1, 455.2346, 270.8172, -561.1531, 101.4899, 1070.0804, 0, 1, -418.4082, -474.4149, 0, 877.9631, 1, 659.737, 0, 1, 1, 0, 1, -401.6876, 1, 0, 52.6114, 1, 323.3965, -422.4773, 94.0921, 0, -49.9491, 1, 0, 1, 34.5693, 1, 427.8394, 177.2847, 1, 
109.7751, -1177.7091, -331.0775, 1, -639.2747, 886.4219, 1, 0, 115.8315, -685.6684, 1, 1, 1, 1, 113.0138, 261.0496, 0, 219.4033, 119.353, 0, 335.7783, -727.5131, -334.6676, 0, 0, 1017.1973, 0, -339.1268, 0, 1, 0, 127.668, 1, 1, -891.2063, -841.1026, 0, 6.5708, -512.8328, -909.7255, -973.6707, 1, 377.0143, 542.0597, 1, -79.9483, -300.8911, 0, 0, -181.8182, 0, 0, 0, 519.1236, 1, 1, -451.0263, 1, -617.8489, 1, 1, 54.5507, 613.4649, 1, 1, -785.8962, -13.0278, 955.339, -51.9204, 25.5594, 0, 1, 120.8262, -693.136, 1, -775.1035, 1, -427.5922, 0, 1, 0, 0, 0, 809.3041, 0, 1, -979.1725, 0, 32.5246, 172.6593, -1023.1749, 0, 622.1985, 1, 1, 0, 108.0836, 1, -258.4824, 661.2564, 1, 
90.0928, -389.1714, 327.0734, 0, 660.1502, -529.088, 0, 0, -256.0965, 223.8048, 1, 0, 1, 0, -34.3429, -121.4893, 0, 48.0306, 59.1147, 0, -66.8905, 570.48, 436.8495, 1, 0, -24.6286, 0, 290.1616, 1, 1, 1, -60.753, 1, 1, 397.0644, 202.3723, 1, 360.5883, -1489.272, -266.5841, 529.1166, 0, -230.1676, 296.4178, 0, -67.2195, 727.9615, 0, 0, -80.8081, 0, 1, 1, -222.3249, 1, 1, 339.7483, 1, 519.9472, 1, 1, 370.119, -860.7328, 0, 0, -847.3938, 346.7614, -225.4673, -445.7704, 109.4971, 1, 1, 99.3896, -281.2021, 1, 115.4794, 0, 186.4094, 0, 0, 0, 1, 1, -498.9286, 1, 0, -744.185, 1, -25.2034, 1171.8998, -1160.0936, 0, -466.8636, 1, 1, 1, -291.9885, 0, 392.7264, -2.6004, 0, 
2.4045, 1468.5255, -299.2688, 1, -12.6734, 804.259, 0, 0, 135.5289, 538.2083, 0, 1, 1, 1, 219.0552, -346.9465, 1, 370.9634, -581.089, 1, 778.6927, -703.9348, 410.395, 1, 0, 251.2829, 1, -72.947, 0, 1, 0, 817.4536, 0, 1, -365.2498, 356.7853, 1, -504.9995, -1128.602, 318.9616, 214.1039, 1, -611.0838, 415.6915, 1, 271.4322, 367.138, 1, 0, -1000, 1, 0, 1, 135.0634, 0, 0, 56.0014, 0, 586.8516, 1, 0, 175.4008, 664.2773, 1, 0, -579.3783, 339.0895, 498.0526, 1064.8807, -838.277, 1, 0, 377.934, 189.6914, 0, 880.294, 1, 294.4084, 0, 1, 1, 0, 1, -99.4363, 0, 1, -247.9694, 0, -497.3344, -388.2731, 281.0207, 1, 448.5658, 1, 0, 1, -716.8782, 1, -455.7176, -503.1258, 1, 
50.3472, -358.2526, -273.2389, 1, 767.1187, -873.8847, 1, 1, 117.6849, 362.7262, 1, 0, 0, 1, -227.8179, -684.2092, 1, -628.7088, 102.2186, 1, -235.504, -91.9003, -561.4059, 0, 0, -253.4995, 0, 131.0803, 0, 0, 1, -237.5191, 1, 1, 385.0431, 8.597, 1, 15.6558, -117.2111, 257.9749, 218.9734, 0, 24.5351, -117.8221, 0, -12.3921, -229.9453, 1, 0, -111.1111, 1, 1, 1, 0.98145, 0, 0, 59.8342, 0, -349.7403, 0, 1, -814.0054, 394.2422, 0, 1, 519.8145, 783.9848, 1249.8281, 222.5669, -872.8492, 1, 0, 159.131, 414.6311, 1, -224.4259, 0, -548.2646, 1, 0, 1, 0, 1, 236.394, 1, 0, 65.3461, 0, 687.9144, 272.5529, 953.0163, 0, 26.7188, 0, 0, 0, 289.0668, 0, -799.2974, -114.4222, 0, 
99.5764, -125.8661, 254.6585, 1, 227.3289, 1116.2344, 1, 0, 415.1622, 596.5984, 0, 1, 0, 0, -318.6645, -311.0644, 0, -592.3228, 967.6931, 0, 41.1021, -610.9814, -280.0774, 0, 1, 850.106, 0, -491.9536, 1, 0, 0, 245.2518, 1, 0, -344.9658, -76.7733, 0, -152.7478, -445.3499, 272.8694, -358.7327, 1, 335.6205, 169.9841, 1, -1171.4484, 303.3644, 0, 1, -656.5657, 0, 0, 1, -729.9738, 0, 0, 145.3767, 0, 247.4192, 0, 0, 586.0797, 771.4303, 0, 1, 295.7797, 545.58, -434.4626, -442.7821, -811.2893, 0, 0, 195.5483, -986.561, 1, -30.0016, 1, 324.735, 0, 0, 0, 1, 1, 170.5996, 1, 1, -511.5426, 0, 152.7166, 178.1258, 427.6738, 1, 118.5715, 0, 1, 0, -258.6085, 0, 513.87, -207.3345, 0, 
53.1421, 535.4308, 57.0024, 0, 222.4801, -457.6197, 0, 1, -861.1424, 300.638, 0, 0, 0, 0, -260.0852, 131.9009, 1, 310.5467, 630.9883, 0, 809.9503, -30.9271, 159.1421, 0, 0, 207.5927, 0, -129.5967, 1, 1, 0, -364.182, 1, 0, -686.2663, 73.3533, 1, 423.6085, 347.6102, 773.0949, 66.8054, 0, -228.5277, -205.762, 1, 154.2783, 393.7238, 1, 0, -919.1919, 0, 1, 0, -238.6767, 0, 0, 711.4767, 1, 38.0777, 1, 1, -196.7882, 113.2622, 1, 1, 104.5523, 770.8704, -530.1002, 377.8825, -238.597, 0, 1, 251.6966, 232.675, 1, -74.2412, 1, -149.9313, 1, 1, 0, 0, 0, -131.2745, 1, 1, -727.8669, 1, 479.8365, -265.8359, 11.1752, 0, 160.1548, 0, 0, 0, 132.7094, 1, 413.5033, -471.2968, 1, 
63.9045, 426.5133, 127.6486, 1, -727.802, 517.8841, 1, 0, 548.2211, -266.1006, 0, 1, 1, 1, 178.8129, 191.6646, 1, -59.0218, -1055.9406, 0, -359.2759, -135.1277, -75.0914, 0, 0, 172.6176, 0, 448.9481, 0, 0, 1, -72.064, 0, 0, 542.7143, -437.0208, 0, 257.9052, -822.0039, 101.4026, 506.9417, 1, 462.4061, 449.6966, 1, 175.9861, 716.7959, 1, 1, -858.5859, 0, 0, 1, 791.158, 0, 0, 917.1834, 1, -1367.1506, 1, 0, 423.9793, -397.1713, 0, 0, -407.3556, 374.9891, 206.825, 777.888, -357.928, 1, 1, 821.3806, 403.1066, 0, 483.7587, 0, -275.7258, 0, 0, 1, 1, 0, -484.6426, 0, 0, 410.4876, 0, -61.781, -548.9451, -16.0746, 1, -174.0086, 0, 1, 0, -673.1969, 1, 177.5765, -161.799, 1, 
82.8135, -404.8896, 234.2608, 1, 754.8468, -532.2372, 0, 1, -136.8511, -382.0579, 1, 1, 1, 1, -532.3907, 99.9555, 0, 972.3268, -196.5691, 0, 479.0042, 365.5384, -754.1576, 0, 1, 233.618, 0, -1224.4354, 0, 0, 0, -831.4474, 1, 0, 1693.8261, -380.3601, 0, 573.6182, -104.4412, -268.9325, -209.3589, 1, -558.9831, 327.3504, 0, 349.8948, 556.8122, 1, 1, -232.3232, 0, 1, 1, -187.6927, 0, 0, -134.1996, 0, 186.7753, 1, 0, 345.5823, -850.2934, 0, 1, -537.7312, -644.6963, 428.7777, 827.8947, 173.3737, 1, 0, 344.7122, -65.4385, 1, -145.0305, 1, 714.5242, 1, 1, 1, 1, 1, -135.5329, 1, 0, -420.35, 1, 251.6845, -669.6099, 317.4108, 1, -950.0065, 0, 1, 1, 26.0989, 1, 792.7486, 815.31, 0, 
36.1885, -477.5021, 305.0169, 1, -384.3269, 463.4904, 1, 0, -165.4487, -167.6836, 0, 1, 0, 1, -62.3417, 212.8174, 0, -300.21, -262.0981, 0, 727.1861, -770.6085, 16.6221, 1, 1, 710.6869, 1, -742.7585, 1, 0, 0, -572.3577, 1, 1, -702.5648, -20.1949, 0, -556.2664, 132.2643, -813.269, 1142.2113, 0, 982.6288, -515.098, 0, -439.5745, -243.075, 0, 1, -90.9091, 1, 1, 1, -67.7518, 0, 1, 120.2801, 0, 586.9843, 0, 0, 971.8542, -104.8432, 0, 1, 178.4549, 21.7183, -353.7079, -111.8665, -676, 0, 0, 5.6923, -37.6551, 1, 160.2459, 0, 9.4194, 1, 1, 1, 1, 1, 1159.3242, 1, 1, 66.3474, 1, -33.1846, 608.2442, -798.1716, 0, 218.0494, 1, 1, 0, 86.3741, 1, 300.2818, 275.3182, 0, 
96.6885, -323.5572, -581.7067, 0, -171.9146, 563.9203, 1, 0, -156.0958, 865.355, 0, 1, 1, 0, -393.4947, -332.6186, 1, -253.0853, 61.6943, 0, -95.1829, -776.8884, 79.3776, 0, 0, -289.4848, 0, 150.7144, 1, 0, 1, 100.219, 1, 1, 273.5594, 989.0397, 1, -49.0701, -550.1586, 688.4516, 55.9478, 0, -135.8619, 584.2031, 1, -120.3247, 176.0057, 0, 1, -666.6667, 1, 1, 0, 536.4767, 1, 0, -139.9631, 1, 769.4919, 1, 0, -306.893, 371.9656, 0, 1, 148.8797, 472.4507, 345.3087, 6.4494, -1147.6613, 1, 0, 742.069, -122.0427, 1, 723.0846, 0, -338.2173, 0, 0, 1, 1, 1, -1112.6672, 1, 1, 277.37, 1, -146.1542, -314.347, 524.5026, 0, -654.1968, 0, 0, 1, -413.4778, 0, 291.5198, -696.8028, 1, 
89.6273, -603.8761, -220.5847, 1, 500.1868, -211.0529, 1, 0, -645.6465, -497.6061, 1, 0, 1, 0, 512.1573, -319.525, 0, 145.3869, 407.084, 1, 251.3796, 477.3361, -587.4909, 1, 1, -467.4206, 0, -644.412, 1, 1, 1, 290.7146, 0, 1, 790.9446, -835.196, 1, -179.8411, 375.679, 267.1055, -281.9283, 0, 235.3782, 896.9088, 0, -75.776, -282.7334, 1, 0, -777.7778, 0, 1, 0, -59.8376, 0, 0, -392.0142, 1, -464.5235, 1, 0, 690.7039, -269.9605, 0, 0, 166.0669, 139.1593, 171.6086, 162.9104, 382.4945, 0, 1, -427.9973, -391.603, 0, 197.8344, 1, -14.0655, 1, 1, 1, 0, 1, -610.0116, 0, 0, -163.8468, 0, 440.7922, 676.4481, -36.6767, 1, -418.1994, 1, 0, 1, -113.1562, 1, -409.1967, -553.0909, 1, 
123.6377, -55.7357, -94.5707, 1, 34.1222, -577.8637, 1, 1, -663.6767, 410.8277, 1, 1, 0, 1, -411.3017, -622.5364, 0, -204.379, 867.1049, 1, 38.1409, -112.8916, -63.9322, 1, 0, -282.7562, 1, 220.4869, 1, 0, 1, 59.7103, 1, 0, 461.6955, -1110.0435, 1, 229.5988, -841.7586, -266.2946, -553.2497, 0, 218.7731, 502.1183, 0, -22.401, 268.97, 0, 1, -535.3535, 0, 1, 0, 384.6667, 0, 1, -419.492, 0, 138.7284, 1, 1, -98.7291, -446.9726, 1, 0, 390.4257, -19.9708, 533.7207, -77.2798, -253.7355, 0, 1, -520.4004, 363.4212, 0, 369.9333, 1, 385.7174, 1, 0, 1, 1, 1, -389.1712, 0, 0, 362.1014, 1, 495.0618, -366.452, 1002.1251, 0, -383.9156, 1, 0, 0, 28.3137, 0, 13.8457, 741.7702, 0, 
39.3667, 586.0944, 174.9767, 1, 266.6298, 537.3751, 1, 0, 583.4967, 73.826, 1, 0, 1, 1, 39.4741, -979.7231, 0, -273.4653, -78.9987, 1, -17.1795, -92.7498, -784.3978, 0, 0, 537.3292, 1, 1018.4686, 1, 1, 0, -188.8437, 0, 0, -186.2971, 34.342, 1, -56.565, 562.8508, -386.148, -185.7504, 0, 1391.2931, 683.235, 1, -63.4117, 45.8671, 0, 0, -898.9899, 1, 1, 1, -107.8793, 0, 1, -377.9851, 0, 462.9208, 0, 0, -366.9313, -408.6111, 1, 1, -676.3477, 107.7972, 828.4175, 75.4802, 399.3369, 1, 0, -176.9682, 778.1237, 1, 299.8366, 1, -188.8624, 1, 1, 0, 1, 0, -262.3903, 0, 0, -595.2184, 1, 249.3773, 157.8823, -224.5753, 0, -886.1567, 1, 1, 1, -210.4666, 0, -512.255, -618.6997, 1, 
119.9386, -638.5271, -188.296, 1, -251.5234, 618.1581, 0, 1, 86.0593, -2.4362, 1, 0, 0, 1, 299.3074, -74.9209, 1, 358.1024, 482.7095, 1, -572.3708, -180.1515, -410.1257, 0, 1, -481.3321, 1, -21.4028, 1, 1, 1, -336.8547, 0, 0, -645.7187, -50.7529, 0, 584.4542, 271.6397, 456.9861, 733.5993, 0, -498.8098, 73.34, 1, 147.3437, -330.7079, 1, 1, -595.9596, 0, 1, 1, 137.2808, 0, 1, -509.5831, 1, -811.1498, 0, 0, -89.1578, 141.6852, 0, 0, 472.0367, -940.1376, 522.2626, 684.8559, -693.1054, 1, 0, 153.8931, 293.4502, 0, -126.5788, 0, 152.0753, 0, 1, 1, 0, 0, 410.2444, 1, 0, 284.9562, 1, 327.4752, 474.3117, 9.8544, 0, 25.1027, 1, 0, 0, 335.6072, 1, -745.9994, -249.9386, 0, 
14.3235, 47.4626, -411.8387, 0, -319.5247, 33.6335, 0, 0, 663.183, 331.4896, 0, 0, 1, 1, 255.9094, 177.3709, 1, 30.4496, 525.6279, 1, -198.7101, -13.1017, 306.2001, 1, 1, -54.2059, 0, -54.4649, 0, 1, 1, 314.9674, 1, 1, 275.7204, 307.1737, 1, -577.5516, 260.2578, -58.6885, -142.3755, 0, 221.9553, -43.0626, 1, 46.8748, -159.4335, 0, 1, -30.303, 1, 0, 0, 711.085, 0, 1, 1148.3251, 1, 22.8394, 0, 1, -72.3136, -915.7153, 1, 0, -422.7917, 235.2028, 710.8875, -82.4955, -96.5107, 1, 1, 2.8218, 308.141, 0, 346.7923, 1, 94.7899, 1, 0, 0, 1, 0, 2.9581, 0, 1, 442.4977, 1, -1228.4324, -260.6184, 339.0434, 1, -1166.8317, 0, 1, 0, -29.6546, 1, 988.4074, 302.5683, 0, 
96.5667, -934.1735, -421.6251, 1, 4.4722, -362.0407, 0, 1, -153.2406, 558.474, 0, 0, 0, 1, -352.4966, -789.8163, 0, 281.0284, 951.2931, 1, -1096.3757, 15.2897, -587.6811, 1, 1, -153.5292, 1, -300.015, 1, 0, 1, -329.0164, 0, 1, -349.4815, 599.0522, 1, 268.0262, 393.0425, 214.7409, -475.7067, 1, 605.6283, -104.7307, 0, -695.6242, -1551.352, 0, 0, -60.6061, 0, 0, 0, 723.535, 1, 0, -38.2035, 0, 124.9343, 1, 0, 679.823, 52.2148, 1, 1, -566.1032, -383.7715, 106.4351, -188.0695, -139.2643, 0, 1, 1153.8485, -129.3093, 1, -42.4525, 0, -472.0451, 1, 1, 0, 1, 0, 453.582, 1, 0, 91.2948, 1, 141.77, -165.9253, 270.5762, 1, 97.689, 1, 1, 1, 234.9714, 0, -89.9023, -453.224, 1, 
67.3604, 133.2825, 830.6401, 0, -226.2807, -380.9838, 0, 0, -414.0043, 219.6304, 1, 1, 1, 1, 715.162, 222.3493, 0, 1317.7667, 156.3357, 1, -464.3451, -412.8862, -1044.1534, 1, 0, -722.8561, 0, -281.8807, 0, 0, 0, 64.8933, 1, 0, 107.4376, -273.6511, 1, -63.4766, -278.257, 72.0047, -178.5213, 0, 216.7208, 523.8273, 0, 624.622, 103.6369, 0, 1, -787.8788, 1, 1, 1, 403.5049, 1, 1, -104.7349, 0, 1100.2727, 1, 0, -84.3835, 617.4109, 1, 0, 199.0732, 104.5189, 109.7941, -81.2605, 92.6694, 0, 1, -367.8131, 874.3729, 0, -95.0698, 0, -199.4318, 0, 0, 0, 0, 0, -430.7727, 0, 0, -351.1404, 0, -92.8706, -163.5419, 14.4439, 1, 1051.3157, 1, 0, 0, -312.2387, 0, 720.1699, -607.1167, 0, 
110.3407, 95.1082, 1117.8295, 0, -244.4063, -387.1235, 0, 1, 406.8901, -343.0633, 1, 0, 1, 0, -685.6683, 830.3008, 0, 390.8937, 23.1321, 1, 36.8249, 382.6131, -179.3527, 0, 1, 24.2269, 0, 126.7331, 1, 1, 1, 71.9045, 1, 0, 185.5336, -736.6954, 0, 346.2428, -238.616, -582.8179, -7.0795, 1, 901.3599, -507.3649, 0, -657.5382, 176.3753, 1, 1, -646.4646, 0, 1, 1, 110.4996, 1, 0, 310.0514, 0, 134.4298, 0, 0, -479.1202, 343.7611, 1, 1, -155.2485, -79.8778, -375.7706, -474.2928, -500.036, 1, 0, 653.8265, 124.5301, 0, -79.2352, 0, 196.0812, 0, 0, 0, 1, 1, 1125.619, 1, 1, -262.3904, 1, 601.9487, 652.5429, 337.9877, 1, -208.7092, 0, 0, 1, 199.9547, 1, 181.2784, -32.0252, 0, 
125.0549, 189.0808, -76.9249, 1, -506.9982, 4.2825, 0, 0, 719.8943, 457.8736, 1, 0, 0, 1, -647.9782, -236.3051, 0, -359.648, -473.0032, 1, -536.669, 338.8281, 956.6777, 1, 1, -342.0179, 1, -436.2359, 1, 1, 1, 530.8165, 1, 1, 380.4678, -531.7758, 0, -57.4501, -614.5702, 585.981, 473.6687, 1, 418.4871, 1101.7642, 0, 100.8597, 719.4326, 0, 1, -383.8384, 0, 0, 0, 618.0102, 1, 0, -578.0918, 1, 266.1676, 1, 1, 56.1096, -76.961, 0, 0, 948.3299, 427.9142, 103.1107, 137.3671, -238.2435, 0, 0, 110.5051, 954.9567, 1, -829.2167, 0, 232.3798, 1, 0, 0, 1, 0, -366.8247, 0, 1, 691.2179, 1, 310.8974, 458.3248, 279.6689, 0, -713.2836, 1, 0, 0, -655.6408, 0, -560.6698, -825.0215, 1, 
86.4529, 190.2987, 666.8175, 0, -342.8658, 876.4223, 1, 0, -394.0412, 572.9062, 0, 0, 1, 0, 429.1601, -138.4517, 1, -1262.2615, -1107.1541, 0, -237.9125, 654.1033, 234.7346, 1, 0, -333.5996, 1, 1047.78, 0, 1, 1, 196.8585, 1, 1, 291.6252, -137.6478, 1, -278.7495, 140.0371, -186.6554, -217.9012, 1, -106.9234, 1100.0107, 1, 45.2231, 292.3644, 1, 0, -727.2727, 0, 1, 0, 397.8576, 1, 1, 1234.1497, 0, 80.1708, 0, 0, -1230.5892, 1375.6701, 1, 1, 508.0309, 268.4101, 46.9651, 330.3157, -28.3306, 0, 0, -299.8934, 159.7765, 1, 585.4095, 0, -145.7772, 0, 0, 0, 0, 0, 778.7417, 0, 1, -274.2728, 1, 1196.6941, -317.2454, 859.5288, 0, -957.012, 1, 0, 1, 517.5196, 0, -607.3735, 428.7207, 0, 
61.4184, -970.5733, -29.7858, 1, 341.2487, 467.8958, 1, 1, -233.9396, -1083.4086, 1, 0, 1, 0, 250.7707, -98.697, 0, 115.0011, -319.0237, 0, -509.5521, -603.205, 229.4208, 1, 0, 576.7319, 0, -170.8481, 1, 1, 1, -944.9291, 0, 0, 40.3208, -64.155, 1, -336.4854, 981.8021, 358.6838, -658.1829, 1, -72.6076, 253.6648, 1, -654.4057, 732, 0, 1, 0, 1, 1, 0, 28.3877, 1, 1, -160.4503, 0, -328.2266, 1, 0, -82.1379, -361.1788, 0, 0, -315.9645, -56.5559, 537.1297, 342.6981, -320.6148, 0, 1, -1219.5252, 181.4723, 1, 90.5714, 1, -373.0217, 1, 0, 1, 1, 0, -838.2615, 1, 1, -309.8878, 1, 228.5785, 480.2926, -215.446, 0, 255.7045, 0, 1, 1, -1195.0739, 1, -310.2919, -905.4956, 1, 
47.3945, 150.4161, 70.5687, 1, -413.2874, -457.411, 0, 1, -8.0299, 641.6625, 1, 0, 0, 1, -255.4765, -641.3831, 0, -713.7711, 205.3997, 0, 1010.7457, 224.6154, -290.9813, 1, 0, -189.5732, 0, 106.2981, 1, 1, 1, -572.3414, 0, 1, -77.9753, 587.963, 0, -246.3328, 53.2174, 923.4744, 397.3968, 1, 44.7231, -270.0388, 1, -171.2445, 101.6187, 1, 0, -909.0909, 0, 0, 0, 156.2102, 1, 0, 411.7101, 1, 492.8322, 0, 0, -772.0702, -281.663, 0, 1, 430.2684, 1029.8166, -1237.4269, -437.7361, -128.0648, 1, 1, -305.0299, -761.2242, 1, -325.4321, 1, -443.1723, 1, 1, 1, 1, 1, 719.7992, 0, 0, -9.133, 0, -605.9274, -596.8941, -391.7049, 1, 653.2654, 1, 1, 1, -92.9777, 0, 180.7966, -448.3691, 1, 
124.3814, 122.3279, 830.5427, 0, -280.7674, -11.9758, 1, 0, -228.992, 403.3041, 1, 1, 1, 0, 1082.4832, -1339.5203, 0, 173.02, 578.598, 0, -180.1609, 192.1208, -190.7207, 0, 0, -734.6219, 1, 246.1019, 1, 0, 0, -390.6341, 1, 0, 378.9394, -719.8973, 1, -965.0628, 188.765, -113.5708, 399.2729, 1, -373.7881, 288.1088, 0, 121.3687, -520.1517, 0, 1, -616.1616, 0, 1, 0, -906.8254, 0, 0, -608.8381, 0, -493.6115, 1, 1, 279.9475, 155.8952, 0, 0, -780.0752, -95.4008, 278.5584, -173.2579, -42.6672, 0, 0, -310.7619, 504.6666, 0, -207.4128, 0, -716.8001, 1, 0, 0, 1, 1, 336.4845, 1, 0, 523.8045, 0, 621.2326, 627.663, 384.6723, 0, -522.9922, 0, 0, 0, -246.4615, 0, 1178.6592, -415.5117, 1, 
112.3689, 155.3109, 196.6725, 0, 864.6687, 931.8965, 1, 0, -305.2737, 343.3043, 0, 0, 0, 0, 676.2693, -233.9235, 1, -143.4171, 244.9155, 0, 611.0817, -918.1152, 1305.0788, 1, 1, -233.2638, 0, 550.1108, 1, 1, 0, -796.3633, 0, 0, 89.1356, -646.8309, 0, -361.6683, -51.0793, -1539.4816, 725.5278, 1, 743.6814, 321.4628, 1, 407.391, 158.4493, 1, 1, -161.6162, 1, 1, 1, 503.0197, 1, 0, -841.6333, 0, 427.2205, 0, 1, -661.803, -409.236, 1, 0, 49.4912, 78.4999, 933.8021, -413.1272, -467.7403, 1, 0, 309.545, -605.2331, 1, -681.8566, 0, -207.1832, 1, 0, 1, 1, 1, -225.7771, 1, 1, -311.9128, 0, -190.1042, 521.982, -603.967, 1, -254.4989, 1, 0, 1, 321.69, 1, -406.997, 30.3805, 0, 
90.9576, 391.1303, 476.447, 0, 132.6737, -369.2309, 1, 1, -607.0876, 80.7659, 1, 0, 1, 1, 485.9924, -1316.5957, 1, 23.0748, 565.469, 0, 795.7479, -196.0859, -163.5397, 0, 1, -317.6857, 1, 536.6306, 1, 1, 0, 264.6597, 1, 0, -123.3049, 309.4371, 1, 434.7641, 571.0781, -105.8861, 599.7562, 0, -78.8025, 171.0713, 0, -763.2519, 169.038, 1, 1, -252.5253, 1, 1, 1, 93.2934, 0, 0, 347.9582, 1, 457.1747, 0, 1, -277.0205, -956.8389, 1, 0, -249.0498, -785.395, 687.6341, -102.5722, 1078.7644, 1, 0, 256.0111, -274.9862, 1, 525.626, 1, -400.3458, 0, 0, 0, 0, 0, -945.4591, 1, 1, -644.0386, 0, -70.2131, -422.0406, 427.6683, 1, -795.5902, 0, 1, 1, -461.2041, 0, -2.3989, 116.5162, 1, 
83.607, -620.1446, -135.1122, 0, 660.4949, -319.578, 0, 0, -831.8682, -566.7673, 1, 0, 1, 1, -296.2153, -578.2221, 1, -917.3805, -227.2716, 0, -925.603, 209.5116, 291.4075, 1, 1, -494.8471, 1, 480.5108, 1, 1, 0, 2.36, 1, 1, -719.5815, -449.0526, 1, 773.6936, 564.534, -234.352, 148.1004, 0, -280.1809, 415.4998, 1, -563.9929, -61.13, 0, 0, -797.9798, 1, 0, 1, -765.7839, 0, 0, -116.5109, 1, -205.5078, 0, 1, 366.009, -57.7513, 1, 0, -39.3393, -546.4293, 96.9631, 774.4088, -916.7627, 1, 1, 464.1776, -95.5464, 0, 586.64, 1, -169.8233, 1, 0, 1, 1, 0, -155.144, 0, 0, -632.877, 1, 354.0281, 55.2919, -728.9577, 1, 127.0184, 0, 0, 0, -329.8888, 1, -64.803, -422.0351, 0, 
117.1568, -233.7712, -81.2688, 0, -771.8311, -500.7286, 1, 0, -973.0384, 914.6049, 1, 0, 1, 1, -371.1087, 324.0717, 1, -40.1914, -175.77, 0, 89.1905, -177.0508, 205.0819, 1, 0, 10.8846, 0, 393.9842, 1, 0, 0, 115.0479, 0, 1, 339.5417, -463.0223, 0, 431.9674, 69.3677, -1109.2866, 626.789, 1, 448.0493, 46.5728, 1, 385.9814, -761.3478, 0, 1, -636.3636, 1, 1, 0, -22.2583, 0, 0, -62.1312, 0, 284.2864, 1, 0, 476.5629, -1775.0842, 0, 1, 343.1621, -166.9974, 267.0889, 223.398, 223.5588, 0, 0, -288.5893, 130.4888, 1, -212.4185, 0, -270.7656, 1, 1, 1, 0, 0, -83.0683, 0, 0, 351.7419, 0, 308.5928, 182.8372, 194.948, 1, -744.9128, 0, 1, 0, 423.5671, 1, 387.7405, 59.0111, 1, 
104.8978, -198.4616, 51.0448, 1, -461.8834, 454.3177, 1, 0, 814.3086, 309.5255, 1, 0, 1, 1, 794.7252, -116.4655, 1, -728.1054, 275.4545, 0, -275.8635, 287.2369, 466.1427, 1, 1, 178.0661, 0, -638.0081, 1, 1, 1, 671.8257, 1, 1, 828.5406, 1066.5, 0, -149.0313, -263.7771, -727.5612, -183.3792, 1, -136.8872, 174.3738, 1, 729.6411, 71.1108, 1, 0, -141.4141, 0, 0, 0, -354.5873, 1, 1, -79.4605, 0, 111.4355, 0, 1, -203.32, -733.824, 1, 1, 149.364, 222.2938, 401.8244, 689.2141, -850.1786, 1, 0, -138.1043, 301.6007, 0, 578.7148, 0, 143.1137, 1, 1, 0, 1, 1, 407.2348, 1, 0, -100.649, 0, 696.611, -552.9398, -673.3569, 0, -983.0728, 1, 0, 1, 82.8402, 0, -338.7045, -447.7703, 1, 
55.5822, -54.7074, -189.338, 1, 626.3458, -67.849, 0, 1, 606.3164, -257.4163, 0, 1, 1, 1, -504.9993, -752.4194, 1, -615.2518, 114.0961, 1, -387.0315, 516.3873, -473.6676, 1, 1, -629.6319, 0, -436.4474, 1, 1, 0, 7.313, 0, 1, 374.6797, 863.0932, 0, -297.97, -385.966, 20.9514, 545.0245, 1, 90.6646, 353.4246, 0, 158.238, -44.871, 1, 0, -888.8889, 0, 0, 1, -676.0585, 1, 1, 508.2716, 1, 1065.7499, 0, 0, -484.95, 88.672, 1, 0, -328.0421, 46.2263, 29.5376, -220.1975, -85.3236, 0, 0, -216.0498, 51.4106, 1, 47.047, 1, 191.005, 0, 0, 0, 0, 0, 313.1507, 0, 1, 63.9733, 0, -590.5815, 1156.5386, -77.9789, 0, 266.0774, 1, 0, 1, 634.0611, 0, -345.0796, 119.2936, 1, 
67.193, -227.2002, -45.3846, 0, -183.0525, 154.6411, 1, 0, 95.9464, 91.1527, 0, 1, 1, 0, -1.2265, -896.4032, 1, 218.1475, -234.751, 0, -775.0464, -572.5146, 588.4091, 1, 1, -678.3449, 1, -267.1059, 0, 1, 1, 455.8666, 1, 1, 639.5774, -630.8342, 0, 423.6443, 869.8468, 543.2857, 157.8426, 1, -320.0427, -707.9285, 0, 187.0436, -186.4272, 0, 0, -838.3838, 0, 0, 1, 347.6964, 0, 1, -221.5759, 0, 73.0542, 1, 0, 146.8111, 260.832, 1, 1, -844.7011, -390.2433, 237.9987, 145.373, 117.6555, 0, 0, -314.3357, 551.1665, 1, 321.545, 0, -83.8167, 0, 0, 0, 0, 0, -63.2889, 0, 1, 1032.3063, 0, -803.409, -265.0123, 600.0098, 1, -358.97, 1, 0, 1, 166.6633, 1, -113.7691, -1100.2247, 0, 
83.8905, 75.4341, -128.1529, 0, -347.1309, 110.3682, 1, 0, 452.9118, -470.5894, 0, 0, 0, 0, 14.6896, -0.82217, 1, -988.3594, 575.2298, 0, 380.7191, 930.7453, 169.0997, 1, 1, -366.3295, 1, -800.1153, 0, 0, 0, -839.3885, 1, 1, -286.1301, 40.0487, 0, 151.0627, 571.7259, -204.5074, -449.179, 1, -391.7885, -37.3438, 1, 407.3664, -169.6771, 1, 0, -191.9192, 1, 0, 1, 822.5154, 0, 1, 325.3676, 0, -381.7904, 1, 1, 1058.3563, -454.1967, 0, 1, 129.2372, 369.0517, 251.2795, -436.9676, -235.9322, 0, 1, -158.3661, 98.9811, 0, 378.7559, 1, 677.3477, 1, 0, 0, 1, 1, 447.7002, 0, 0, 141.1302, 1, 819.8067, -565.7743, -369.3838, 0, 499.865, 0, 1, 1, 32.4515, 0, 1114.9363, 22.7495, 1, 
56.504, 413.6211, 169.0906, 0, 564.1255, -222.3554, 1, 1, 132.338, -14.952, 0, 1, 0, 0, -349.2643, -466.8769, 1, 48.034, -242.0746, 1, -45.4139, -780.8435, 656.1188, 1, 0, 262.2515, 0, 669.9634, 0, 0, 0, -447.8356, 0, 1, 740.7072, -724.8701, 1, -88.2832, 205.5668, 215.5337, -115.7804, 1, -298.4726, 303.7851, 0, 434.0115, -59.1532, 1, 0, -878.7879, 0, 0, 1, -174.1327, 0, 1, -329.548, 1, -162.9165, 1, 0, -174.8134, -51.6635, 1, 1, -675.5234, -890.0747, 466.9344, 413.823, 1018.6546, 0, 0, 82.2394, -117.0447, 0, 690.6176, 1, 214.5257, 0, 0, 1, 1, 0, 245.1869, 1, 0, -583.2227, 0, 323.6235, 523.5392, 511.1613, 0, 245.1135, 1, 1, 1, 457.1536, 1, -379.4443, 422.8294, 1, 
117.5194, 403.4123, 152.2203, 0, 482.2987, 468.714, 0, 1, -374.8446, -1081.7819, 0, 0, 1, 0, 103.9341, 158.9883, 1, 458.432, -402.8029, 1, 582.8685, -49.6739, -274.6773, 1, 0, -409.1853, 1, -360.8809, 1, 0, 0, -502.852, 0, 0, -47.3028, 95.3637, 1, -628.4342, 298.6101, 25.9426, 896.8416, 0, -249.0841, -667.1515, 0, 392.1269, 367.8385, 1, 1, -545.4545, 1, 0, 1, 122.8175, 1, 0, 141.7336, 0, -107.6347, 0, 0, -78.6972, 571.548, 1, 1, -628.2177, -303.4199, 46.6051, -411.8844, 393.5897, 1, 1, 260.2316, -261.2705, 1, 161.1314, 1, 323.0281, 1, 0, 1, 0, 0, -145.2708, 0, 0, 357.7787, 0, -784.3212, 50.2158, 618.8544, 1, -693.3004, 1, 1, 1, 484.1719, 0, -245.9531, -298.6191, 0, 
102.7325, 717.7153, -327.5921, 1, -347.1584, 641.5254, 0, 1, -172.7965, -507.546, 1, 0, 0, 1, -339.1787, -663.2707, 0, -503.1419, 123.2113, 1, 234.7704, 478.7454, -592.1507, 0, 1, 378.6512, 0, -94.2183, 1, 1, 0, -415.2711, 1, 1, -142.318, -83.9251, 0, 234.692, 483.5338, -85.1905, 228.6271, 1, 360.0126, 445.3084, 0, 94.2074, 41.6924, 1, 0, -717.1717, 1, 0, 0, 103.9089, 0, 0, 16.943, 0, -23.7693, 0, 0, -306.9941, -707.5383, 0, 0, -281.1737, -228.6999, 226.6085, 578.555, -19.2507, 1, 0, 587.6156, -174.1228, 1, -454.5903, 1, 223.669, 0, 1, 0, 1, 0, -680.6866, 0, 1, -44.1297, 1, 865.2466, 429.1633, 347.7394, 1, 247.9091, 1, 1, 0, -171.7037, 1, -465.5518, -312.819, 0, 
82.7697, 45.4371, -800.3274, 0, -576.2797, 83.2829, 1, 0, -297.286, 303.9336, 1, 0, 1, 1, -55.7985, 831.1062, 0, 100.6953, -62.0135, 0, -869.7751, -278.166, 44.8679, 1, 0, 484.8787, 1, -416.6778, 0, 1, 0, -75.0334, 1, 0, 508.2857, -434.7849, 0, 236.0979, 303.1405, 246.4136, -587.1677, 1, 199.2277, 709.1788, 1, 1501.025, 431.3675, 0, 1, -212.1212, 1, 0, 1, 340.6133, 0, 1, -269.6513, 1, -27.5253, 1, 0, 272.9656, 693.5833, 0, 1, -120.9045, -206.3022, -599.5746, 742.913, -540.7391, 1, 1, -136.865, -82.3333, 0, -33.6522, 1, -342.4523, 0, 0, 0, 0, 0, -1297.0735, 0, 1, 1113.6918, 1, -293.325, 219.7662, 650.5397, 0, 514.0519, 1, 1, 0, -393.6897, 0, 64.6934, 176.1163, 1, 
118.5692, 615.4508, -530.9938, 0, -1325.0229, -561.1047, 1, 1, 1038.5162, 401.8944, 1, 0, 0, 0, 0.87335, 67.6303, 1, -766.4848, -643.155, 1, 255.5111, 330.2977, -309.3077, 1, 1, -7.4722, 1, -378.6784, 1, 0, 0, 295.3155, 1, 0, -486.83, 566.5021, 1, 62.0764, -246.7337, 236.1272, -1348.8068, 0, -487.1247, 173.3254, 1, 335.606, -407.8897, 1, 1, -464.6465, 1, 1, 1, 430.4625, 1, 1, -506.0742, 0, 484.7825, 0, 0, -1198.6885, 124.6377, 1, 1, 61.0814, 988.1895, 647.3497, 922.6234, -792.0169, 1, 1, -459.8475, 629.511, 0, -15.5626, 0, 1515.7656, 0, 1, 0, 0, 0, 24.9211, 1, 0, 343.7653, 0, -792.579, -245.3754, -795.8059, 1, -1.5758, 1, 0, 0, -442.4298, 0, -295.2995, 347.1852, 0, 
20.8113, 193.0806, -460.1843, 1, 138.6941, 222.7539, 1, 1, 125.5587, 726.1264, 1, 1, 1, 1, 218.7114, -353.8156, 0, -90.0733, -713.6267, 1, 99.7053, 273.0935, -213.1795, 1, 1, 628.2138, 0, 110.7577, 1, 1, 0, -138.6484, 1, 1, 600.5781, -487.6945, 0, 136.1825, 574.2163, -762.876, 1039.3862, 0, 344.7573, -83.3833, 1, 526.5181, 97.7583, 0, 0, -959.596, 0, 0, 1, 547.2287, 0, 1, -709.5403, 0, -123.3866, 1, 1, 312.1285, -37.7993, 1, 1, -936.5124, 520.9233, 111.503, -128.5925, 676.9067, 0, 0, -126.9848, -716.8832, 0, 218.4333, 1, 183.8577, 0, 0, 0, 0, 1, -1202.5448, 1, 1, -163.2747, 1, -393.6032, 82.4622, 252.4238, 0, -890.9914, 0, 1, 0, -189.9737, 1, -405.1698, 256.059, 0, 
14.3099, 4.8539, 119.32, 0, 138.9069, 724.7647, 0, 0, 71.8268, 749.5661, 1, 0, 0, 0, -84.437, 45.2016, 0, 198.8009, 431.7323, 1, 231.3009, 513.9119, -547.9123, 1, 1, 421.9406, 1, 437.2898, 1, 1, 1, -357.3464, 0, 1, 343.5117, -349.1808, 0, -182.1593, -319.8119, 672.7558, -539.5247, 0, 979.666, -229.5232, 0, -607.6882, -273.9786, 0, 1, -949.4949, 1, 0, 1, -324.7421, 1, 0, 363.9688, 0, 144.0083, 0, 1, 84.3131, 464.5021, 1, 0, -561.7507, -377.1274, -989.0188, -654.4206, 1085.0966, 1, 0, -651.5784, 423.9966, 0, -432.8932, 0, -567.9024, 1, 1, 0, 1, 0, -206.7731, 0, 0, -63.8223, 1, 187.4584, 592.1518, -413.49, 0, 109.357, 1, 1, 1, -661.1515, 0, 58.8842, 100.3917, 1, 
124.2733, 165.6917, -390.8518, 0, -518.1766, 462.2001, 1, 1, 510.1517, 120.2428, 1, 0, 0, 0, -29.0475, -149.2273, 0, 164.0252, -71.7369, 0, 591.0568, 720.8383, -323.5375, 0, 1, -695.2187, 1, 45.7211, 0, 1, 1, -470.7862, 1, 1, -212.9234, 185.4983, 1, -74.8761, 816.4489, 472.7983, -328.8068, 1, 847.2137, 216.1276, 1, 593.1691, -204.1326, 1, 0, -343.4343, 1, 0, 0, -504.4701, 1, 1, -544.1047, 0, -25.3421, 0, 0, -736.6397, 752.9674, 1, 1, 574.5713, 380.2185, 859.0768, 125.6496, -72.997, 1, 0, 739.7991, -866.111, 1, 336.9292, 1, 894.9655, 0, 1, 1, 1, 0, -357.517, 0, 1, 334.3048, 1, -343.1147, 529.9214, -68.3, 0, -575.6243, 0, 0, 0, 60.5199, 1, -471.2623, 256.6351, 1, 
80.6816, 901.8463, -51.6857, 1, -294.7037, -333.7919, 1, 1, 201.3784, 572.8319, 0, 1, 0, 0, -760.701, -854.5948, 0, -7.3061, -52.4872, 1, -323.546, 650.9, -129.2446, 1, 1, -69.9891, 1, 479.437, 1, 1, 0, 423.8217, 1, 1, -466.3607, -196.7666, 0, 163.4741, -318.5406, -2.9459, -457.0293, 1, -126.8333, 18.8906, 1, 948.767, -289.8897, 1, 0, -818.1818, 0, 0, 0, -327.2066, 0, 1, 519.5453, 1, -323.8233, 1, 0, 480.6576, 413.0639, 1, 0, -1081.1552, -236.3872, 339.8353, -362.8268, -1046.9382, 0, 0, 580.6271, 550.0014, 0, -41.3448, 0, 418.3776, 0, 1, 0, 1, 0, -152.5881, 1, 1, 426.6986, 0, 890.3582, 208.6942, 282.3859, 1, -161.8547, 0, 1, 0, -193.4756, 0, -162.9248, -208.1891, 0, 
126.129, -346.1825, -866.0625, 1, -158.7557, -429.9213, 1, 0, 171.4062, -16.263, 1, 1, 1, 1, -548.6033, 1165.3423, 0, 1665.2925, -294.7966, 0, -355.3778, -674.7454, 159.359, 1, 1, -735.7867, 1, 652.4249, 1, 0, 1, 269.3138, 1, 1, 38.4814, 39.9269, 0, 352.928, -113.9759, 253.9793, 281.3071, 0, -260.9405, 127.675, 1, 913.1396, -489.7726, 0, 1, -505.0505, 1, 0, 0, -563.5431, 1, 1, -468.0246, 0, -1062.2838, 0, 1, -524.2993, 423.948, 0, 0, -325.5567, 771.6149, -288.0284, 637.3484, 95.9279, 1, 0, -118.0901, 13.2949, 1, 213.9474, 0, 133.8972, 1, 1, 1, 1, 0, -819.8973, 0, 1, 92.5139, 0, -512.0366, 116.4295, 216.6331, 1, -96.5313, 0, 1, 0, -901.8277, 0, 1014.4977, -297.169, 1, 
88.7463, 5.871, 922.6025, 0, -145.8145, 34.9161, 0, 1, 517.0192, 1447.9758, 0, 1, 0, 1, -303.5298, -631.3561, 0, -675.7163, -3.7077, 1, -222.3784, -408.0908, 287.6839, 1, 1, 332.1765, 1, -115.6429, 0, 0, 0, -92.5945, 1, 1, 403.8213, -497.0692, 0, 750.1121, 346.6807, -221.833, -90.141, 1, -254.2601, -626.5856, 0, -13.0657, 555.0548, 1, 1, -101.0101, 0, 1, 0, 70.8602, 1, 1, 477.2146, 1, -632.9652, 1, 0, 341.2086, -28.347, 1, 1, -267.717, -274.7889, -603.2803, 176.8184, 195.4255, 1, 0, 773.3891, -81.0776, 1, 392.542, 1, -524.3076, 1, 0, 1, 0, 1, -583.9908, 0, 1, -532.0283, 0, -118.1856, 699.988, -433.8299, 0, -187.4535, 1, 0, 1, -297.7476, 1, -28.5331, 714.1, 1, 
123.5784, -66.8734, -140.5905, 1, 377.0896, -20.4055, 1, 0, 84.4582, 96.0377, 0, 0, 0, 0, 579.0734, 615.2266, 1, -910.8285, -514.8921, 0, -323.3507, 651.4407, 359.0273, 0, 1, 82.1023, 1, 854.8267, 0, 0, 0, 34.5047, 1, 1, 616.1746, -227.7891, 1, -368.022, 65.9071, -358.9239, -265.6539, 0, -506.895, 12.9522, 1, -403.0975, 143.2683, 1, 1, -282.8283, 1, 0, 0, -112.0458, 1, 0, 395.8042, 0, 628.7979, 0, 0, 127.9259, -467.9371, 0, 0, -992.6026, 538.6959, 105.7943, 63.4166, -534.6123, 0, 1, -685.6272, -33.3695, 0, -949.0476, 0, 418.3706, 1, 0, 1, 0, 1, -384.3279, 1, 1, -746.7746, 1, -750.8957, -217.3942, 156.6003, 1, 214.4048, 0, 0, 0, -51.8138, 1, -396.866, -440.9484, 0, 
110.1073, 107.3193, -213.3391, 1, -276.1351, 275.2116, 0, 0, -303.2002, -116.139, 0, 1, 1, 1, 115.8144, -235.7138, 1, -55.3028, 611.9437, 0, 543.6275, 375.7028, -15.6926, 0, 0, -394.3232, 1, 364.0097, 0, 1, 1, 17.7702, 0, 0, 523.8376, 44.1047, 1, -103.1248, -550.4333, -782.8253, 243.7453, 1, -449.3156, 275.2964, 1, -904.1611, -472.8134, 0, 0, -242.4242, 0, 1, 0, -250.1304, 1, 1, 1158.5298, 0, 241.3738, 1, 1, -340.1378, 159.9612, 1, 1, -166.1231, -599.1428, 605.4316, 614.3087, -877.8511, 1, 1, 34.129, -915.6405, 1, -447.8742, 1, -908.1404, 1, 0, 0, 0, 0, -362.8116, 1, 1, -2.2426, 1, -190.5633, -251.4172, -658.3882, 1, -305.5767, 1, 1, 1, 675.1888, 1, 210.5139, -141.0925, 1, 
16.1632, 805.0999, -62.6754, 1, -197.0823, 10.0424, 1, 0, 610.5713, 161.4071, 1, 1, 1, 0, 126.5449, -85.8213, 1, 259.1654, 596.561, 0, 345.6687, 349.4633, 868.7726, 0, 1, -190.6909, 1, -153.2925, 1, 1, 0, -658.5598, 0, 1, -652.9824, 816.1898, 0, -471.3632, 173.9561, -723.4994, 290.0524, 1, -95.8114, 1121.1157, 1, -298.616, 380.9584, 0, 1, -969.697, 0, 0, 0, -931.6165, 1, 0, -175.4408, 0, 676.1024, 0, 0, -607.4692, -379.3236, 0, 0, 216.1878, -526.3141, -50.0633, -445.1095, -102.3869, 1, 1, 238.2751, -328.4569, 1, -136.013, 0, -168.8334, 1, 1, 0, 0, 1, -597.6768, 0, 1, 192.2237, 1, 891.1871, 9.1662, -172.1746, 1, -930.0096, 1, 1, 0, 379.7515, 0, -399.5173, -665.4488, 0, 
100.0776, 670.5986, 267.6547, 1, 336.9332, -767.5165, 0, 1, 584.7288, 100.8328, 1, 1, 1, 1, -284.4517, 42.9451, 0, -159.8196, -322.1081, 0, -1185.623, 139.7381, 268.5084, 0, 0, 404.1211, 0, 12.1155, 1, 1, 1, -350.9331, 0, 0, 79.9648, -696.1696, 1, -297.6524, 296.6531, -557.1455, -91.6856, 1, 412.4448, -358.5106, 0, -486.322, 11.4788, 1, 1, -737.3737, 1, 0, 0, -542.5655, 0, 1, -113.9702, 0, 393.218, 1, 0, 255.4258, -107.8961, 1, 0, -399.1957, -165.7232, 548.517, -51.5591, 387.7188, 1, 0, 3.3209, 317.318, 1, -217.6491, 1, -197.144, 1, 1, 0, 1, 1, -294.0318, 1, 0, -82.6859, 1, -572.6375, 2.7552, 345.3341, 0, -366.4357, 0, 1, 1, -459.7744, 0, -28.0476, 390.2006, 1, 
98.313, -20.4002, -434.7123, 0, 340.9334, 72.2389, 1, 1, -294.3141, -53.258, 1, 1, 1, 1, -243.8393, -92.82, 0, 148.4425, -972.4164, 0, -304.898, 709.6647, 1.6833, 0, 0, -382.7391, 0, 242.7206, 1, 0, 1, -1035.014, 1, 0, -1065.7838, -206.0247, 1, -670.4755, -561.2086, -265.9197, 301.0793, 1, 254.4833, -1044.6285, 0, 80.4424, -211.7894, 0, 0, -272.7273, 0, 0, 1, 641.9603, 0, 1, -46.4765, 1, -592.0779, 1, 1, -281.0248, 708.3071, 0, 1, -692.5847, -533.2641, -1188.5436, 392.1556, 84.1692, 0, 1, 880.3716, 70.8453, 1, -603.7252, 0, -401.5442, 0, 1, 0, 0, 1, 210.6755, 1, 0, -73.9825, 0, -190.6175, -737.0833, -46.5466, 1, -1125.2023, 0, 0, 1, -926.5029, 0, -158.4181, 516.9023, 1, 
126.4568, -392.8749, -8.8734, 1, -130.3486, -739.9341, 1, 0, 34.8575, -592.9441, 0, 0, 0, 1, -163.9014, -18.5213, 0, -22.4765, -1019.9927, 0, -372.63, 308.6276, -177.2975, 0, 0, 273.7935, 0, 249.8203, 1, 1, 1, 90.8016, 1, 0, -197.59, 491.6963, 1, -571.3806, -595.2993, -421.7191, 538.7139, 0, 3.2825, -324.9284, 0, 501.1863, -1103.2374, 0, 1, -424.2424, 1, 1, 1, 150.5658, 1, 0, -319.1023, 1, 61.19, 0, 0, -676.483, 253.0298, 1, 0, 598.5464, -4.1591, 307.7061, -438.5709, -605.3544, 0, 0, -872.6969, -426.9053, 0, -694.9028, 1, -333.819, 0, 1, 0, 1, 1, -680.3976, 1, 0, -680.4018, 1, -331.2161, -326.5632, -537.1918, 0, -427.9298, 1, 0, 1, 539.0032, 0, 50.3361, 412.3157, 0, 
123.5579, -181.7277, 303.4975, 1, -1027.9035, -397.6033, 0, 1, -6.6582, -769.3087, 1, 0, 0, 0, -7.9171, 824.2794, 0, 23.3282, 695.0949, 0, -400.4372, 236.1646, -302.5824, 0, 0, 28.2624, 1, -636.1011, 0, 1, 0, 127.5946, 0, 0, -273.8962, 101.8334, 1, 313.594, 290.2095, 74.3935, 126.719, 1, 471.0365, 636.5703, 0, 570.9125, 544.6695, 1, 0, -575.7576, 1, 0, 1, -428.5688, 0, 1, -475.2618, 1, 528.9712, 1, 0, -479.9434, -273.7484, 1, 1, -307.9842, 145.6912, 72.3398, 758.2081, -374.6908, 1, 0, -380.8525, -341.9272, 1, -1063.5481, 1, 317.3999, 1, 1, 1, 1, 0, 439.2459, 0, 1, -498.726, 0, -585.0036, 1049.9703, -226.3237, 0, -115.0586, 1, 1, 0, 721.5633, 1, 333.7051, -980.6312, 0, 
122.4214, 301.3842, -519.2926, 0, -103.9602, 151.1725, 0, 1, -903.5941, -134.8883, 1, 1, 0, 1, 1109.9125, 108.8589, 0, 79.257, 37.425, 1, 1545.1568, -5.8258, 546.9755, 1, 1, 407.8401, 1, 48.6191, 1, 0, 1, -357.775, 0, 0, -961.9973, -86.2408, 0, 815.0022, 119.9232, 270.8313, 571.9446, 0, 632.2505, 620.9341, 1, -1183.1103, -739.4795, 1, 1, -262.6263, 0, 1, 1, 526.9105, 1, 0, -190.1082, 1, 140.8225, 0, 1, -614.2099, 181.3215, 0, 1, 273.1068, -952.3033, 1107.9016, -533.5914, 757.9509, 1, 0, -649.1231, 54.6418, 1, 143.0662, 0, -355.464, 1, 1, 0, 0, 0, 488.131, 0, 1, -389.7378, 1, -143.9704, 196.6165, 322.1062, 1, -275.6052, 0, 0, 1, 182.7973, 0, 585.8838, 385.0464, 0, 
36.0838, 764.3803, -170.5134, 1, -278.8524, -111.2423, 1, 0, 265.9319, -152.7367, 1, 1, 0, 1, 413.0966, -389.6902, 1, 560.3711, -423.7395, 1, -790.6191, -240.6826, -95.0068, 0, 0, -1214.0083, 1, -181.9757, 1, 0, 0, -276.309, 0, 1, 328.4809, -571.4068, 0, -732.3534, -150.6566, -592.7892, -1238.4733, 1, 348.9991, 545.1263, 1, 196.2809, 148.565, 0, 0, -70.7071, 1, 1, 0, 616.2516, 0, 0, -484.3851, 1, -783.6083, 1, 0, -161.5886, -387.732, 0, 1, 237.2979, 13.1803, -187.7097, 84.7356, -225.1458, 0, 1, 483.057, 117.0774, 1, 429.8762, 0, 156.8908, 0, 1, 0, 0, 1, -352.4937, 1, 1, -54.2833, 0, -77.5669, -1310.0116, -442.837, 1, 169.9004, 0, 0, 1, 572.5129, 0, 218.6701, 128.8846, 0, 
104.4405, 441.0939, 73.3964, 1, -777.8043, -361.1201, 0, 1, 891.5717, 1118.8532, 1, 0, 0, 0, -119.0409, 667.9925, 0, -350.5287, -425.7667, 1, 259.4925, -224.2678, 323.2215, 1, 0, 577.4453, 0, -666.5743, 0, 1, 0, -799.7252, 0, 0, -724.992, -72.7099, 0, -408.0783, 684.4478, -53.7436, -516.8781, 0, -431.5941, -794.8706, 1, -266.532, 347.2056, 1, 1, -333.3333, 0, 1, 0, 523.811, 0, 1, 396.5758, 1, 901.1328, 0, 1, -375.702, -471.6968, 0, 1, -283.7837, -492.553, -275.7119, 176.2064, -139.7892, 1, 0, 119.0875, -570.8165, 0, -158.6725, 0, 214.7595, 1, 1, 1, 0, 1, -507.9213, 0, 0, 875.3501, 1, -8.1727, -99.0425, -479.1791, 0, 730.6657, 1, 1, 1, -381.8106, 1, -449.8215, 806.2925, 1, 
116.2093, -692.6306, 101.7226, 0, -359.9863, -952.6889, 1, 0, 587.8716, -464.8292, 0, 0, 0, 0, 851.4456, 55.1633, 0, -578.9875, 344.8168, 1, -12.6869, -64.045, 151.1271, 0, 1, -447.8276, 1, -895.7833, 1, 1, 0, -245.7462, 1, 0, 1606.1958, 825.9807, 1, 41.5374, -733.0407, 1454.7546, -238.8278, 1, -620.9417, 143.4056, 0, -315.1273, -154.0031, 1, 0, -222.2222, 0, 0, 0, -181.5125, 1, 1, 718.5104, 0, -432.2382, 1, 1, 110.969, 395.458, 0, 1, 939.1201, -43.762, -171.1366, 1.0246, -327.0507, 1, 0, -111.8904, -782.4855, 0, -227.9478, 1, 619.647, 0, 0, 0, 0, 0, -1125.7862, 0, 0, 633.8906, 0, -70.2504, -301.4818, 78.796, 1, 334.3739, 0, 0, 1, 114.6166, 1, 342.3012, -1078.9953, 1, 
29.2576, 159.597, -1089.0189, 1, 841.1614, -437.9318, 0, 1, 79.5476, 10.0805, 1, 1, 0, 1, -185.2492, 428.5576, 1, 350.7348, -769.3328, 1, -88.4469, 190.7856, -218.7, 1, 0, -260.5131, 0, -241.1302, 1, 0, 0, -112.7916, 1, 0, 356.708, -399.3525, 0, -277.4263, -142.5775, 206.0923, -914.9981, 0, 266.6273, -651.1514, 0, -69.2426, 325.5937, 1, 0, -929.2929, 1, 0, 0, -303.1913, 1, 1, -429.0971, 0, -465.3779, 1, 1, -514.3058, 435.7828, 0, 0, 271.6038, -496.9066, 503.278, 451.0189, -227.7635, 0, 0, 219.8317, -357.6315, 1, -259.6376, 1, 423.0552, 1, 1, 1, 1, 0, 426.676, 0, 1, -64.2394, 1, -246.2744, 1.7963, -393.7934, 1, 950.1668, 1, 0, 1, 550.524, 1, 205.4556, 99.9771, 0, 
121.1249, -451.2375, 9.9049, 1, 237.6266, 167.1933, 0, 1, 196.9996, -299.3815, 1, 1, 1, 1, 59.2547, 277.1345, 1, -359.2289, -601.5732, 1, -184.9768, -37.7879, 545.27, 0, 0, 516.9742, 1, -465.0657, 0, 0, 1, 16.5304, 0, 0, 621.4857, 101.3973, 1, 690.1215, 288.4096, 210.2201, 181.9713, 1, 502.4592, 348.5811, 0, -437.5656, 149.4024, 0, 0, -494.9495, 1, 1, 1, 271.1435, 0, 0, -594.5869, 1, 510.5764, 1, 1, -124.0916, 786.3134, 1, 1, -564.5223, -278.6997, 353.4774, -390.2365, 487.5162, 0, 1, -438.3895, 164.2465, 0, 6.195, 0, 199.793, 0, 0, 0, 0, 0, -726.6404, 1, 1, -201.4927, 1, 492.7514, 327.0006, -827.1264, 1, 676.7406, 1, 0, 0, 16.87, 0, -802.2587, -355.5077, 0, 
114.5051, -282.1435, 950.8775, 0, -309.2381, 838.6496, 0, 0, 246.4714, -989.0247, 1, 0, 0, 1, 934.3258, -327.4794, 1, -426.7974, -527.9745, 0, 587.7972, 508.752, -298.6254, 1, 1, -506.1302, 0, -615.2098, 0, 0, 0, 908.9371, 0, 1, 344.4963, 939.9172, 1, -43.1484, -144.2937, 390.7603, -239.4741, 1, -62.3192, 159.6285, 1, 296.8699, -277.6829, 1, 0, -393.9394, 0, 1, 1, 736.7095, 0, 1, 674.7855, 1, 222.8917, 1, 1, 639.7966, 285.528, 0, 1, 489.5651, 56.5138, -3.4045, -236.0838, 677.1485, 1, 0, -487.3639, -420.8073, 0, -452.0677, 0, 80.018, 0, 0, 0, 0, 0, 612.0626, 1, 0, -38.3, 0, 668.6257, 338.7984, -154.7331, 0, 144.5492, 1, 1, 0, -320.4877, 0, 313.7599, -528.58, 0, 
48.4446, -259.9139, -277.0442, 1, 51.2394, 41.2585, 1, 1, -846.7367, -666.4877, 0, 0, 0, 0, -60.252, -5.5599, 1, -1138.8619, -680.8074, 0, -288.7121, 1180.9622, -207.5711, 1, 1, 362.2447, 0, -107.7162, 1, 1, 0, 176.1197, 1, 1, -436.9731, -142.3215, 1, -394.1224, 193.5942, 60.1827, 121.8522, 0, 501.1122, 459.9077, 0, 442.7703, -105.0256, 0, 0, -868.6869, 1, 0, 0, -953.6471, 1, 0, 53.0137, 0, -111.5067, 1, 1, 84.6207, -452.4953, 1, 1, 44.8017, -898.2786, 296.4619, -384.6623, -169.8406, 0, 0, 255.2485, 403.9124, 1, -377.4139, 1, 337.5638, 1, 0, 1, 0, 1, 196.0668, 1, 1, 681.3826, 1, 246.7944, 112.4787, -205.0548, 0, 572.5629, 1, 1, 0, -214.8257, 0, -295.2264, -212.6949, 1, 
111.926, 3.7288, -16.3952, 0, 505.1958, -77.0377, 0, 0, -158.0401, 1015.4975, 0, 0, 1, 0, 890.0317, -161.4277, 1, 113.972, 279.2997, 0, -160.9757, -539.9361, -511.7555, 1, 1, 56.7826, 1, 978.2243, 0, 0, 1, 357.0241, 1, 0, -680.485, -212.4847, 1, 557.2308, 601.8339, -100.0917, 537.5358, 1, -43.6786, -462.8617, 0, 440.7666, -109.7794, 0, 1, -585.8586, 1, 1, 1, -277.9536, 1, 0, -289.5431, 0, -347.0739, 0, 1, -234.9693, -33.1189, 1, 0, -180.7864, -135.6886, -868.3699, 535.9991, -425.1249, 0, 0, 19.5227, -243.0934, 1, -106.5984, 0, -541.6251, 0, 0, 0, 1, 0, -187.4369, 1, 1, -7.4445, 0, 1017.1274, -62.2498, -16.2091, 0, -49.2906, 0, 1, 0, -210.8312, 0, 147.8843, -474.7215, 1, 
60.6815, -45.3902, 552.4793, 1, 33.5666, 110.1753, 1, 0, 420.6598, -182.0273, 0, 0, 1, 0, -40.1706, 248.2911, 1, -145.636, -322.3994, 1, 226.9135, -418.4669, -320.732, 1, 1, 138.9025, 0, -304.9877, 1, 1, 1, 219.3951, 0, 1, 48.9222, -1332.1485, 0, 589.1936, -197.5617, -461.6907, 126.4158, 0, -1063.8662, -809.9346, 0, 589.984, 18.6414, 1, 0, -151.5152, 1, 1, 0, 63.2257, 0, 0, -1210.3742, 0, -137.2828, 0, 1, 49.3251, -630.8853, 1, 0, 1044.8559, 173.1647, -526.1495, -310.6118, -76.3553, 1, 0, -297.3751, 125.8362, 1, 504.3875, 1, 488.1409, 0, 1, 1, 0, 1, 88.8647, 1, 1, 195.4493, 0, -350.6635, 629.9345, 77.3428, 1, -692.9986, 1, 1, 0, -1219.6031, 0, -624.2326, 682.4729, 0, 
119.2515, -344.2334, 333.5342, 1, -603.9674, 348.4393, 0, 0, -382.8299, -316.6341, 1, 1, 0, 1, 298.878, 619.3019, 1, -214.9562, 28.651, 1, -33.2838, 180.448, 177.5582, 1, 1, 1261.0967, 0, -265.447, 1, 1, 0, -735.4542, 0, 0, -322.9517, 656.2168, 0, 140.0662, 292.5141, 227.1651, -703.4857, 1, -76.624, 776.9566, 1, 42.4446, 94.6431, 1, 0, -474.7475, 0, 1, 1, -23.5676, 0, 1, 436.3966, 1, 142.4017, 0, 0, 106.612, 670.5069, 1, 1, 205.0958, -585.9576, -565.2684, 140.6417, 733.6664, 1, 0, -336.4729, 268.2211, 0, 385.8408, 0, -521.6909, 0, 1, 1, 0, 1, 421.2887, 1, 1, -307.9851, 0, 56.3249, -402.5575, -455.9241, 0, 474.5614, 1, 0, 0, 182.7934, 1, 593.2118, 79.7781, 1, 
102.6025, 973.2143, -469.0024, 0, 100.5403, -681.9161, 0, 0, 225.2681, 88.9386, 1, 1, 1, 1, -293.6375, -138.3065, 1, -59.7459, 854.0433, 1, 794.4956, -1314.5256, -515.8636, 0, 0, 625.7948, 0, 282.7423, 0, 1, 1, -79.4446, 1, 1, -300.6145, -236.7722, 0, 30.3709, 203.0724, 277.2798, -799.0599, 0, 42.0236, 286.0311, 0, -879.5134, 972.6284, 1, 0, -606.0606, 0, 1, 0, -473.4589, 1, 0, -361.0787, 0, 183.804, 1, 0, -518.999, -407.5345, 1, 0, -289.5376, -216.2815, 346.2664, 554.0849, 184.6955, 1, 1, -937.572, 195.4364, 0, -29.2772, 1, -1280.5544, 0, 0, 1, 0, 1, -187.4778, 1, 1, 171.0893, 1, -92.0289, -64.1674, -57.473, 1, 1432.0561, 1, 0, 1, 167.7185, 1, 378.6022, 551.7645, 0, 
71.9998, 310.0691, -76.5933, 1, -638.4723, 616.4412, 1, 0, 42.399, -686.7824, 0, 1, 1, 0, 1106.4006, -646.3347, 1, 729.0138, 480.8409, 1, 802.2173, 859.0171, 332.019, 1, 1, -424.6544, 1, -465.5883, 0, 1, 0, 764.5257, 1, 0, -48.8461, -504.5409, 1, -5.4871, -354.5174, 67.7992, -413.506, 1, -532.7919, -7.2748, 0, -156.3523, 555.8557, 1, 0, -171.7172, 0, 1, 1, -538.9715, 0, 1, 471.1378, 1, -349.3334, 0, 0, -459.913, -255.3516, 0, 1, -261.1007, -619.3779, -501.0247, -871.3004, 384.2529, 0, 1, 708.4346, 183.3, 1, 1010.6323, 1, -489.1419, 0, 0, 1, 0, 1, -318.9453, 1, 1, 748.697, 0, 530.6591, 261.6938, -509.4855, 0, -407.3418, 0, 1, 0, -160.1367, 0, 424.1864, -391.4762, 0, 
123.9363, -137.2795, -1005.4197, 0, -95.2069, 403.1816, 1, 0, -52.5825, -382.1523, 0, 1, 0, 1, 351.3742, -9.7299, 1, 91.8489, -775.4891, 1, 327.6827, -468.374, -929.4751, 0, 0, -127.2245, 1, -1315.78, 0, 1, 1, -350.0918, 0, 0, -1154.0047, -88.5532, 1, -353.7552, 835.6311, 3.1881, -476.8107, 0, -489.7506, -383.2426, 1, 671.0981, 206.5647, 1, 1, -454.5455, 1, 0, 1, 1040.5717, 0, 1, 23.3689, 0, -541.2006, 0, 1, -386.2094, -400.8529, 1, 0, 90.456, 4.6302, 241.1138, -125.9116, 264.9559, 0, 0, -353.211, 341.8714, 0, 350.6341, 1, -608.0516, 1, 1, 1, 1, 0, 623.9799, 0, 1, 778.3764, 0, -260.2044, -502.8548, -350.5921, 1, 895.031, 1, 1, 0, -705.0877, 0, 247.828, -252.2988, 0, 
119.4999, 585.2458, 255.3942, 1, -114.9604, -889.1926, 0, 1, 92.4344, 738.2294, 0, 1, 0, 1, -746.724, -442.0554, 0, -458.5161, -289.443, 0, 545.8075, -87.081, 436.7159, 1, 0, 153.9989, 1, -401.333, 0, 1, 0, 541.9927, 1, 1, 135.4959, 36.8656, 0, 685.443, -31.9829, -107.0765, 626.5991, 0, -643.7381, -133.9534, 0, 911.7576, -92.3477, 1, 1, -373.7374, 1, 0, 0, 299.5823, 0, 0, -102.9561, 0, 1346.4421, 1, 1, 352.7407, 276.6643, 1, 0, 126.0903, -267.757, 253.3189, -336.366, 1340.361, 0, 0, -197.1106, -166.4846, 0, -445.4618, 0, 157.9014, 1, 1, 0, 0, 1, 789.7758, 1, 1, 330.428, 1, -644.7958, 240.3727, -142.169, 1, 138.4052, 1, 0, 1, -72.844, 0, -460.8296, -300.1165, 0, 
67.9725, -253.0544, -539.6109, 1, 260.3102, -1157.7025, 0, 1, 640.6362, -122.0659, 0, 1, 1, 1, -314.8987, -249.1501, 1, 705.7618, 336.0644, 0, -14.6877, -20.6343, 76.1986, 1, 0, 831.9564, 0, -129.5998, 0, 1, 0, 1153.0912, 0, 0, 492.6877, -879.7973, 0, 126.6878, -598.8926, -1374.3618, 713.2384, 1, -224.0076, -840.4301, 0, 610.05, 369.8615, 1, 0, -828.2828, 0, 0, 0, 333.6446, 1, 1, -15.0055, 0, 18.8663, 0, 0, 543.2428, -155.7002, 1, 1, 40.3413, -261.1161, -852.4864, -756.5123, 231.2631, 0, 0, -88.279, 183.6556, 1, -45.5932, 1, -307.9528, 1, 0, 1, 0, 0, -288.582, 1, 1, 569.6786, 1, 268.0312, -1871.091, -1005.2816, 0, -263.1248, 0, 0, 1, -546.2944, 0, -499.418, -631.5687, 0, 
129.9913, 198.4225, -155.782, 1, 335.2367, 76.3514, 0, 1, -522.1085, 28.3244, 1, 1, 0, 0, -4.1865, 489.2067, 1, -151.1037, 211.6073, 1, -471.415, 175.4879, 300.9098, 1, 0, -971.4892, 0, 29.4902, 1, 0, 1, 872.36, 0, 1, -6.0877, -862.4259, 1, 628.0662, -722.8029, 591.483, -873.6939, 1, -277.5976, 577.3634, 1, -81.014, 869.2326, 0, 1, -404.0404, 0, 1, 0, 35.199, 1, 1, -153.4574, 0, 602.5975, 1, 0, -83.8154, -771.7489, 0, 1, 43.7365, -311.0329, -660.882, 262.1764, -565.6375, 1, 1, 272.844, -335.6423, 1, 101.8889, 0, -456.9281, 0, 1, 0, 1, 0, -173.9042, 1, 1, 201.5222, 0, 847.7192, 614.7641, 245.8476, 0, 192.3952, 0, 0, 1, 1189.6635, 1, -199.5736, 148.404, 1, 
54.2436, -587.5601, 574.0693, 0, -644.3573, -79.4448, 0, 0, -28.6922, -429.7669, 0, 1, 0, 0, -102.2749, -604.9858, 0, 529.0773, -858.1706, 0, -987.1897, -616.0527, 150.0189, 0, 0, 123.6221, 0, 29.8534, 1, 0, 0, -130.3282, 1, 0, 28.1934, 184.2501, 0, 132.3178, 148.1944, 97.0774, 293.9565, 1, -760.8397, 16.3587, 1, 627.1899, 580.3052, 1, 0, -848.4848, 1, 0, 1, -321.8422, 1, 1, 1128.5817, 1, -154.2742, 1, 0, -534.5314, 269.5641, 0, 0, 381.1346, -124.8536, 586.8183, -775.1757, 272.2598, 1, 1, -307.563, -124.5855, 1, 269.4783, 0, 20.8188, 1, 0, 0, 1, 1, 30.0758, 1, 0, -269.5966, 1, 897.0488, -612.9308, -80.4744, 0, -684.0698, 0, 1, 0, -456.7752, 1, 170.3579, -274.3319, 0, 
121.18, -317.5305, -743.6707, 0, 252.7727, -145.6944, 1, 0, 28.2141, -573.7372, 0, 1, 1, 0, 69.3922, 146.2006, 0, -12.9388, 423.4977, 1, -644.2482, 1114.0408, -454.8168, 1, 1, 281.2083, 0, -240.1807, 1, 0, 0, 637.8867, 0, 1, 286.9976, 321.3656, 1, 222.267, -242.2731, -907.1549, -198.1952, 0, 510.2885, -9.6846, 0, 633.4951, 41.3188, 1, 0, -353.5354, 0, 0, 0, -598.0352, 0, 1, 210.534, 1, 588.2592, 1, 0, -912.7322, -319.7062, 1, 0, -545.5471, -102.4215, 45.66, -351.1738, 501.9986, 1, 1, 189.7021, 143.1811, 0, 204.2524, 1, -29.1595, 0, 1, 1, 1, 1, 232.1961, 1, 0, 316.488, 1, -660.7939, -379.9467, -628.9427, 1, -883.2049, 0, 1, 1, 341.1761, 0, -717.3422, -768.3983, 0, 
20.9947, -610.4773, -364.95, 0, 363.5803, -404.2041, 0, 1, 445.9118, -200.1116, 1, 0, 1, 0, 500.1108, -311.1549, 1, -41.1281, -797.6642, 0, 122.5966, 1056.5121, -99.1742, 0, 0, -649.5409, 0, -425.8981, 0, 0, 0, 723.6255, 1, 0, 191.3587, 598.4194, 1, 769.0244, 522.5827, -292.8103, -16.2457, 0, -169.8796, -259.6106, 1, -204.1941, -91.2971, 0, 0, -50.5051, 0, 1, 0, 272.5531, 0, 1, -298.8949, 0, -482.7763, 1, 0, 145.5151, -214.0726, 0, 1, -81.0157, 817.8228, 164.6377, -778.6267, -801.9444, 0, 1, 477.584, -309.3817, 0, 600.7464, 0, -204.5602, 1, 0, 1, 0, 0, 87.7688, 1, 1, -139.2228, 1, -715.3948, -169.3168, -86.5511, 0, -819.8984, 0, 0, 0, 687.9634, 0, 265.0079, -748.3251, 0, 
103.8479, 265.3698, -201.1334, 0, -239.2213, 569.1632, 1, 0, 203.3596, -139.7197, 0, 1, 1, 1, 263.4997, 678.1229, 0, 167.0812, 695.9186, 1, 385.9212, -205.0856, -27.4166, 0, 1, -202.0265, 1, -296.648, 1, 1, 1, 1182.7375, 1, 1, 516.9245, 131.3536, 1, -274.4688, 801.4174, 69.6184, 850.8764, 0, 14.725, -768.1026, 0, -550.3095, 573.7069, 1, 1, -626.2626, 1, 0, 0, -378.882, 1, 0, -541.1119, 0, -49.2955, 1, 0, 351.7233, -483.5266, 0, 1, 311.1289, -281.0306, 157.1471, 780.0732, -387.9205, 0, 0, 238.5501, -395.7403, 1, 227.3606, 1, 63.2904, 0, 1, 0, 0, 1, 243.5115, 0, 0, -613.9674, 0, -9.8953, 386.0389, -284.3297, 0, -70.9575, 0, 1, 0, 24.0055, 1, 377.4909, -30.5768, 1, 
12.3747, 111.6171, 177.893, 1, -1097.8321, -478.5366, 1, 1, 177.4136, 122.8168, 0, 0, 1, 1, 187.5287, 116.0005, 0, 56.6422, 756.4979, 0, -249.355, -270.3287, -39.7669, 0, 0, 137.5631, 1, -569.1858, 0, 1, 1, -145.1345, 1, 1, -339.9277, -708.7481, 0, 434.0013, -511.0614, 356.3536, 172.8516, 0, 10.7822, 438.0004, 1, 5.3608, 4.2007, 1, 0, -989.899, 0, 0, 1, 663.3004, 1, 1, 830.6337, 0, -664.1976, 1, 1, 72.2114, -97.2317, 1, 1, -647.2488, 659.306, -50.9366, -98.0614, 633.3766, 1, 1, -447.8844, 896.3394, 0, 530.1202, 1, -209.8019, 0, 1, 1, 1, 0, -144.3587, 0, 0, 308.8692, 0, -212.4099, -245.3867, 524.8561, 1, 59.3239, 0, 1, 0, 137.9705, 0, 1049.9683, 279.9014, 1, 
88.7387, 399.7939, -92.8503, 0, 160.163, 46.8212, 1, 0, -333.689, 627.1615, 0, 0, 0, 1, -390.3425, 170.0783, 0, -212.0785, 299.0411, 0, -60.4834, 105.1344, -35.8885, 0, 0, -92.9025, 0, -322.0961, 0, 1, 0, -626.7086, 1, 0, 219.2778, -1086.4736, 1, 266.161, 33.7955, -533.4886, 145.5492, 0, -496.7341, -317.7159, 1, 261.4281, 11.3294, 0, 1, -707.0707, 1, 0, 1, 935.3512, 1, 0, 754.7638, 0, 739.4374, 0, 1, -197.7234, -121.9345, 1, 1, -423.898, 853.6691, 517.4164, -459.6945, 510.2237, 1, 0, 565.6279, -1.7771, 0, 650.7246, 1, 877.0913, 0, 1, 1, 1, 1, 950.0408, 0, 0, 686.09, 1, -309.8289, -240.3882, -60.4332, 0, -352.1223, 0, 1, 1, -153.9414, 0, -723.6432, -861.4436, 1, 
60.7696, 297.3384, -862.3395, 1, 533.5538, -295.5851, 0, 0, 237.769, 607.7025, 0, 1, 0, 1, -175.8512, -1196.895, 1, 151.5263, -77.152, 0, -141.3357, 554.7545, -288.8832, 0, 0, 1464.2841, 1, -208.1331, 0, 1, 0, 190.1739, 0, 1, 55.6891, -365.1767, 0, -20.8912, -1262.2675, -106.6469, 102.149, 0, 376.6548, 541.7067, 1, 687.6298, -369.5079, 0, 0, -131.3131, 0, 0, 0, -100.4241, 0, 0, 164.4409, 1, -872.4173, 1, 1, -675.9459, 137.8896, 1, 1, 156.7152, -183.8088, -36.3338, 111.2775, -191.6263, 1, 0, 708.3001, 799.2029, 0, -83.284, 1, -80.0256, 1, 1, 1, 1, 0, 439.9189, 0, 0, 171.781, 1, 305.9718, 30.6866, -699.4658, 0, -467.6861, 0, 0, 1, 524.1033, 1, -36.866, 630.0461, 1, 
102.7925, -20.2742, 1254.8929, 0, 239.1991, 417.4942, 1, 0, 57.005, 272.8989, 0, 1, 0, 0, -76.2383, 437.0015, 0, 24.8866, 490.0555, 1, -118.9825, -196.2105, -13.19, 1, 1, 164.9212, 0, -812.9334, 1, 0, 1, 159.3337, 0, 1, 1223.0575, 945.084, 1, 208.8098, 295.3643, 506.7473, 382.3995, 1, -623.439, 381.5546, 1, 449.2234, 64.7009, 0, 1, -313.1313, 0, 1, 0, 950.5582, 0, 0, -246.2949, 0, -497.497, 0, 1, 288.1755, 153.4778, 0, 0, 342.0638, -145.4429, 88.7993, -554.7269, 80.4083, 0, 1, -189.3652, 175.6948, 0, 337.5861, 0, 9.3994, 1, 0, 0, 1, 0, 10.6473, 0, 0, 131.5077, 0, 136.7198, 277.4623, 26.5114, 0, -565.7487, 1, 1, 0, -293.3465, 0, -821.7691, -72.5741, 0, 
73.515, -506.3741, 217.048, 0, -784.4147, -533.2926, 0, 1, -1861.1056, 98.2161, 0, 1, 0, 1, -301.8763, -119.835, 1, -268.8957, 67.1551, 1, 661.1415, -471.6529, -426.2355, 1, 0, -633.076, 0, 633.3928, 1, 1, 1, 321.3454, 1, 0, 957.5303, -907.5188, 0, 95.3436, -508.379, -125.2165, -232.3739, 1, 52.4547, 831.7312, 1, -589.4748, -358.4056, 0, 0, -808.0808, 0, 0, 1, -763.6203, 1, 1, 303.7559, 1, -643.7035, 0, 0, -797.2232, -174.9703, 1, 0, -454.5772, -62.0395, -170.1699, -537.8043, -75.0013, 1, 1, -199.234, 131.7374, 0, -667.5563, 1, 180.0796, 0, 1, 1, 0, 1, -241.6389, 1, 0, -1036.3754, 0, 155.3845, 621.7472, 38.8976, 0, -106.5772, 0, 1, 0, -61.2176, 0, 298.5238, 163.4288, 0, 
100.8078, -507.3262, -864.0733, 1, 265.451, 249.5245, 1, 0, 272.3008, 671.7073, 1, 0, 1, 1, 813.7279, 225.807, 0, 571.7876, 601.9781, 0, 441.4595, -998.8175, -63.8995, 1, 1, -297.7084, 1, 379.7461, 0, 0, 0, 3.9629, 1, 0, 8.0673, -110.7695, 0, -15.3737, -328.6221, 215.4207, -69.9134, 0, 66.5639, -179.8449, 1, -648.299, 63.6225, 1, 0, -292.9293, 1, 0, 1, -5.2695, 0, 1, 249.2304, 1, -858.0235, 0, 1, -314.3977, -161.5732, 1, 1, -1089.8014, 345.065, 181.0642, -863.2035, -425.0332, 0, 0, -862.1126, 562.829, 1, 601.0949, 0, -158.7625, 1, 0, 1, 0, 1, 55.2228, 1, 1, -230.1695, 0, -497.3326, 95.0564, -782.7547, 1, 624.1764, 0, 1, 0, 361.7974, 0, -387.4593, -29.2623, 1, 
96.923, 110.0966, 417.1634, 0, -479.2231, -115.4899, 1, 1, 153.6571, -133.4149, 0, 0, 1, 1, -533.3719, 361.5415, 1, 518.2771, -612.5562, 1, 255.3088, -431.7433, -454.213, 1, 1, 699.8701, 0, -342.4837, 0, 0, 0, 294.5321, 0, 1, 800.8878, 420.0297, 1, -536.6914, 318.3384, 536.8086, 194.2196, 0, 6.1375, -1120.0599, 0, 546.296, 524.9226, 0, 0, -121.2121, 0, 1, 1, -72.1691, 1, 0, 637.7018, 0, -386.3156, 0, 1, -234.9076, -165.8732, 1, 0, 389.2924, -500.8251, -976.0035, 1022.071, 494.4259, 0, 1, -892.2176, -1025.4021, 1, 89.9677, 1, 550.7206, 0, 1, 0, 1, 1, 1252.9798, 0, 0, -43.1961, 1, -301.6793, 615.3468, 70.9391, 1, -656.5448, 1, 1, 0, -95.3333, 1, -980.8656, -883.466, 1, 
120.3053, -731.7757, -203.0475, 1, 45.9071, 665.7934, 1, 0, -159.7548, -575.5481, 0, 0, 1, 1, 355.8269, 330.9597, 0, -51.1901, 245.9622, 0, 189.7232, 141.8203, 510.94, 0, 0, 1313.428, 1, 688.1615, 1, 0, 0, 113.9399, 1, 1, 457.3058, -31.5108, 1, 476.8501, -96.5743, -206.3756, -1001.0813, 1, 187.0664, -530.2434, 1, 290.7558, 235.2758, 1, 0, -414.1414, 1, 0, 1, 470.5624, 0, 1, -113.1757, 0, -179.395, 0, 1, -21.5581, 464.6057, 0, 1, 331.3428, 157.3882, 60.0572, 163.2748, -1090.9561, 1, 1, -1564.4533, -169.3764, 0, 364.5186, 0, -985.7582, 1, 1, 1, 1, 1, 13.8587, 0, 1, -318.3358, 0, 425.5842, 212.1615, 358.0847, 1, -220.1915, 0, 0, 1, -222.1652, 0, 834.0666, 331.6806, 0, 
3.0364, 678.7684, -299.1296, 0, -391.0524, 198.3877, 1, 1, 119.2747, -342.3186, 1, 1, 1, 1, 67.9743, -652.8426, 1, -360.8923, -319.7678, 1, 18.6163, 120.1599, -921.5637, 0, 0, -507.3486, 0, 1085.3972, 1, 1, 0, -507.4437, 1, 0, 584.9186, 285.9369, 1, -525.0168, 460.9372, 39.6181, -162.4577, 1, -235.6378, -173.9627, 1, -161.5501, 224.4184, 0, 0, -10.101, 1, 0, 0, -150.6832, 0, 0, 17.0886, 1, 185.2182, 1, 0, 281.109, 57.2878, 1, 0, -257.7566, -66.9519, -328.7005, -260.1979, -95.6567, 0, 1, 5.421, 550.3099, 0, 257.5134, 1, 109.8636, 1, 1, 0, 0, 1, -642.7255, 1, 1, -727.6803, 0, -561.9175, 29.6467, -963.821, 1, 41.8595, 0, 1, 1, 724.1954, 1, 707.2161, 197.1643, 0, 
66.2697, 198.1168, 590.9636, 0, -1053.1464, 369.7966, 0, 0, -365.3096, -10.8764, 1, 0, 1, 0, 919.3412, -37.6636, 1, 269.4334, -383.7201, 1, -69.8098, 360.139, -605.2166, 1, 0, 524.5042, 1, -776.4065, 1, 0, 1, 187.6536, 0, 0, 361.3824, -609.3005, 0, 859.4377, 118.9905, -759.4301, -22.9323, 0, -743.9012, 190.3052, 0, -163.4654, -325.3197, 0, 0, -20.202, 1, 0, 0, -184.3986, 1, 0, -702.0781, 1, 854.7776, 1, 1, 39.35, -90.599, 1, 1, 638.3187, 752.9244, 481.6117, 130.999, 35.8394, 0, 0, -342.9708, 245.8135, 1, 38.3495, 1, 76.1029, 0, 1, 1, 1, 0, -669.7887, 0, 0, -796.9993, 0, -8.5366, 711.1166, 732.1126, 0, -327.5147, 0, 0, 1, 156.652, 1, -29.6907, -960.6488, 0, 
91.296, 64.5534, -398.33, 1, -340.8456, 122.3918, 1, 1, 27.3085, 416.3475, 0, 1, 0, 0, -290.845, -583.8541, 1, 363.7837, 185.3642, 1, 477.8781, -57.041, -246.7604, 0, 1, 165.1117, 0, -905.4799, 0, 1, 0, 140.5507, 0, 1, 777.2394, 217.7648, 1, 116.469, -437.4462, 306.4584, -169.5283, 0, -138.1336, 260.9382, 1, -712.7104, 274.3582, 1, 1, -686.8687, 0, 0, 1, -896.5559, 1, 1, 637.7863, 0, -1.7659, 0, 1, -1116.1842, -686.9147, 0, 0, 328.4104, 464.0644, -567.3845, 228.0489, -235.4151, 0, 1, -575.918, 1164.2398, 0, 737.613, 0, 935.6646, 0, 0, 0, 1, 0, -1083.3048, 0, 0, -480.7322, 1, -826.8608, -314.6956, 920.9086, 0, -49.9321, 0, 1, 1, 130.5443, 0, 183.8156, 450.4123, 1, 
26.5274, 36.2502, 538.5965, 1, 633.3779, 551.4752, 0, 1, 675.32, -291.6575, 1, 0, 1, 1, 132.8475, -440.464, 0, -6.4656, -297.1335, 0, -189.1796, -99.6854, 781.1426, 1, 1, -617.9487, 1, -246.4237, 1, 1, 1, -109.6427, 1, 1, 45.5621, 31.1586, 1, -263.201, -302.4737, 411.7233, -423.0425, 1, -226.0207, 273.0967, 1, 442.1989, -603.7013, 1, 1, -939.3939, 1, 0, 1, -656.1971, 0, 1, -603.0273, 1, -436.3371, 1, 1, 164.3793, -212.2838, 0, 1, -184.6465, -1012.6791, 698.3555, -427.8019, 94.848, 0, 1, 145.1302, -496.0589, 1, -320.0102, 1, 690.3149, 1, 1, 0, 1, 0, -421.6787, 1, 0, -67.1337, 1, -801.569, 532.953, 869.2755, 1, -940.2309, 1, 0, 0, 48.1658, 1, 69.0114, 522.4853, 1, 
116.8706, 633.418, -544.5214, 1, 194.495, -290.7863, 1, 1, 303.9512, -758.7229, 1, 0, 1, 0, -189.7412, -258.695, 0, -532.3733, -82.8978, 0, -332.8712, 15.2739, 880.2613, 1, 1, 573.9281, 0, 137.533, 0, 0, 0, -163.6311, 1, 0, 253.3579, -356.0067, 1, 496.1563, 31.8362, -360.6787, 1215.2361, 0, -43.7492, 493.9604, 0, -217.6381, -679.0714, 0, 1, -565.6566, 0, 1, 1, 24.5702, 1, 1, 621.0287, 0, -347.2891, 1, 1, -222.5126, 34.0281, 1, 1, -128.4567, -376.3785, 184.1414, 179.3903, -400.8947, 0, 1, -274.9574, -233.7124, 0, -117.7665, 1, 301.4575, 1, 0, 0, 0, 1, -499.0058, 1, 0, -799.7638, 0, -140.3374, 130.1409, -595.5285, 0, -58.8753, 0, 0, 0, -182.1405, 0, 471.328, -637.8279, 0, 
-0.20492, 199.2289, 334.0958, 1, -466.937, 1005.7546, 0, 0, -653.2629, 463.5567, 0, 1, 1, 1, -38.3705, -394.3351, 1, 257.6083, 89.8338, 0, -100.7236, 394.1567, 288.1965, 0, 1, 82.9331, 0, 157.392, 1, 1, 1, -204.8087, 0, 0, -1286.8598, -533.6469, 0, -351.3094, -85.9424, 348.5321, -177.6704, 1, -442.8542, 69.154, 1, 492.9884, -44.4969, 1, 1, -979.798, 1, 0, 1, 778.0653, 0, 0, -525.1944, 1, 1229.6067, 1, 1, 381.6486, -387.9484, 1, 0, 154.184, 88.7237, 274.6131, 1162.3288, 946.7673, 0, 0, -867.3204, 456.1573, 1, -523.3956, 0, 599.1539, 1, 0, 1, 0, 1, 272.9406, 0, 1, 169.652, 1, -1135.4343, 275.1914, -99.3974, 1, 248.5137, 0, 0, 0, -150.604, 1, 107.232, 239.0146, 0, 
109.5745, 814.2803, 434.7457, 1, -518.9236, 790.0494, 0, 0, -448.2316, -200.4138, 1, 1, 1, 0, 271.1951, -547.2308, 1, -330.6036, 351.6077, 1, -684.5976, 676.7005, 801.0445, 1, 0, -148.2268, 0, -503.8833, 0, 1, 0, -701.7151, 1, 1, 1087.5234, 653.7088, 1, -104.1171, 69.9526, -590.3222, -986.8535, 0, 390.9324, -186.7514, 0, 252.3422, 178.7462, 0, 0, -696.9697, 1, 0, 1, 173.2624, 0, 0, -555.3572, 0, 288.8854, 1, 0, -572.3768, 20.1254, 0, 0, 93.4976, -238.3681, -578.0165, -485.2622, 543.6419, 1, 0, -880.9575, 308.8924, 1, 520.6858, 0, -407.8777, 0, 0, 1, 1, 1, 88.9296, 0, 0, -915.2357, 0, 220.892, 744.8536, -353.886, 0, -38.6436, 0, 1, 0, 647.7854, 1, -467.3745, -728.9211, 0, 
129.7744, 762.3159, -861.7996, 1, -204.2579, 502.2057, 1, 1, 509.9987, -743.2012, 1, 0, 1, 0, -296.346, 504.9354, 1, 317.4887, 508.6251, 0, 48.1077, -312.85, 138.0371, 0, 0, -95.3309, 0, 85.0515, 0, 0, 1, 786.9256, 1, 0, 669.303, -533.5392, 0, -592.9024, 471.6222, 909.1364, -586.2772, 0, -700.0709, 17.9622, 1, 614.4585, 227.5801, 0, 1, -515.1515, 0, 0, 0, -778.7057, 0, 0, 161.5061, 1, -250.4617, 0, 0, 318.667, -360.3215, 0, 1, 254.9519, -622.447, 21.1306, -262.1024, 170.1635, 0, 1, -145.8044, -885.9862, 1, 345.8521, 1, 1120.3758, 1, 0, 1, 1, 1, -736.8372, 0, 1, 824.0682, 0, -850.8436, 174.8901, 316.5708, 0, 235.0426, 1, 0, 0, 436.0052, 0, 107.8685, 510.9943, 0, 
119.634, 209.2722, 180.8291, 1, 29.2702, 305.9173, 0, 0, -702.6219, 628.8402, 1, 1, 0, 0, 468.021, -215.5954, 0, -1083.1693, 252.1609, 0, 57.8288, -932.3138, 599.8765, 1, 0, 132.4594, 1, -91.5325, 0, 0, 0, 1583.1266, 1, 0, 486.9901, 122.6009, 1, -225.6652, 706.9504, 28.0193, 275.465, 0, 219.6403, 124.8252, 1, 340.1505, -429.6398, 0, 1, -323.2323, 1, 0, 1, -12.9628, 1, 1, -1350.918, 0, -47.5487, 0, 0, -216.865, 20.4158, 0, 1, -168.4734, -525.5234, 53.0529, 716.4405, -391.684, 1, 1, 269.4914, 234.9324, 1, -115.611, 0, -105.4545, 0, 1, 0, 0, 1, -88.014, 0, 1, 42.6629, 1, 373.3371, 129.6007, -262.0871, 0, -272.1032, 0, 0, 0, -761.5115, 1, -221.0318, -235.1892, 0, 
87.7041, 141.45, 149.3203, 0, 27.5716, 718.0415, 1, 0, -346.5566, -218.8212, 1, 0, 0, 1, 41.0117, 867.4824, 0, -193.672, 271.8087, 0, -501.7156, 1088.2033, -638.42, 0, 0, 95.2674, 1, -1256.2754, 1, 1, 1, 214.5559, 0, 0, -193.5816, -313.5744, 0, -662.0577, 498.6779, -824.9589, 197.5308, 1, -560.9282, 550.9502, 0, -319.32, -223.0631, 1, 0, -747.4747, 0, 0, 1, -1463.6449, 1, 0, -598.9343, 1, 582.2656, 1, 0, 134.7113, 145.4244, 0, 0, 399.7422, 794.4292, -537.0919, 173.7889, 242.0388, 0, 1, 283.9122, -206.6741, 1, 82.69, 1, -35.1155, 0, 1, 0, 1, 1, 500.2109, 1, 0, -261.356, 0, -545.0434, 462.9842, 7.4883, 1, 1233.5224, 1, 0, 0, 368.2946, 0, -430.1327, 71.776, 1, 
132.2466, -35.0718, -878.6668, 1, -117.2657, 506.5431, 1, 0, -216.642, 437.0569, 0, 0, 1, 1, 258.0835, -255.8351, 0, 313.0581, -862.8963, 1, -92.8508, 67.1152, 855.9676, 1, 1, -614.9845, 1, -351.2118, 0, 1, 1, -331.4683, 0, 1, -399.4342, -230.48, 1, -458.8182, 390.0011, -136.6863, -765.0727, 1, 328.8509, -2.8661, 1, 818.6458, 143.8855, 1, 1, -303.0303, 1, 0, 0, -60.1892, 1, 1, 783.8735, 1, -8.3215, 0, 0, -417.2281, 533.4115, 1, 0, -203.586, -132.4205, -458.7641, 106.8794, -741.4677, 1, 1, -457.3384, -580.5092, 0, 415.6257, 0, 478.5058, 0, 0, 1, 1, 0, -730.4518, 0, 0, -787.7046, 0, -401.5337, -510.7108, 72.4012, 0, -180.1741, 1, 0, 1, -681.872, 0, -253.4266, -514.5218, 1, 
104.5965, -1042.382, 119.4308, 0, 662.9043, -510.1272, 1, 0, -697.078, -266.8986, 0, 0, 0, 1, -521.0604, -353.6691, 0, 228.3071, -39.6539, 1, 368.4826, 273.0278, -673.773, 0, 1, -86.9649, 0, -244.72, 1, 1, 1, 977.2696, 1, 0, 865.2861, -876.7729, 1, -445.4813, 4.7528, 67.4143, -539.3065, 1, -36.3206, 356.4497, 1, -101.703, -288.2459, 0, 1, -676.7677, 0, 0, 1, 1241.3385, 0, 0, -836.8071, 1, 68.3325, 1, 1, 420.0188, 539.5937, 0, 0, 231.1767, -178.2035, -88.1348, -60.4078, -898.6399, 1, 1, -184.1465, 443.214, 0, 143.3436, 1, 67.2801, 1, 1, 1, 0, 0, 353.4461, 0, 0, -235.4573, 1, -352.9828, -296.9754, -190.875, 1, 161.2138, 1, 1, 1, -201.1362, 0, -120.0756, 235.4064, 1, 
94.0138, 234.3329, 814.8329, 1, -652.6287, 328.8727, 0, 0, 75.9798, 1222.6295, 1, 1, 1, 0, 611.3876, -482.4768, 1, 267.6136, -633.7109, 0, -220.106, -398.7575, 223.4347, 1, 1, -165.1312, 1, 263.9901, 0, 1, 0, -746.2794, 1, 1, -167.1058, 152.8062, 1, -200.2594, -911.2761, 9.0668, -253.8175, 0, 187.9595, -316.8146, 0, 782.4958, 400.1723, 0, 0, -757.5758, 0, 0, 1, -233.9544, 0, 1, -78.3258, 1, -578.8109, 0, 1, -174.4229, -644.4401, 1, 0, 236.279, -251.1513, -285.7195, -480.0373, 376.4839, 0, 0, 430.1749, 1011.1948, 0, -125.3165, 1, -446.9908, 0, 0, 1, 1, 0, -144.5712, 0, 1, 327.5403, 0, -565.8429, -289.6866, 308.2689, 1, 876.807, 0, 0, 0, -671.1325, 1, 575.686, 138.6763, 1, 
85.351, -525.0362, -212.5387, 0, 218.5521, -245.6641, 0, 1, 76.7321, 103.6582, 1, 1, 0, 1, 254.8401, 33.2019, 0, 532.7993, -372.6024, 1, 234.5021, -275.8354, 368.1624, 0, 0, 305.5704, 1, 200.4338, 1, 0, 0, -276.4901, 0, 1, -752.4791, 281.9597, 0, 139.9846, -822.3799, -142.4702, 360.191, 0, -421.2852, -242.5609, 1, 238.5862, -719.6097, 1, 1, -767.6768, 0, 1, 0, 531.4482, 1, 0, -1135.9902, 1, 1.3322, 1, 1, 464.651, -1021.4777, 1, 0, -878.9353, 412.6254, -278.8528, -720.9541, 589.7895, 1, 1, 906.5554, 316.5423, 0, 372.3577, 1, -347.6106, 1, 0, 1, 1, 1, -322.7482, 0, 0, -655.7757, 0, -898.2212, -213.8714, -13.6109, 1, -333.8415, 0, 0, 0, -275.4205, 1, 147.0896, 398.3475, 1, 
